ISO-10303-21;
HEADER;
/*Generated by software containing ST-Developer
 * from STEP Tools, Inc. (www.steptools.com) 
 */
/*OPTION: using custom renumber hook */
/*description */
/*implementation_level */
FILE_DESCRIPTION(('STEP AP242 Edition 2','STEP AP242 Edition 2''CAx-IF Rec.Pracs.---Representation and Presentation of Product Manufa
cturing Information (PMI)---4.0---2014-10-13','STEP AP242 Edition 2''CAx-IF Rec.Pracs.---Representation and Presentation of Product Manufa
cturing Information (PMI)---4.0---2014-10-13''CAx-IF Rec.Pracs.---3D Tessellated Geometry---0.4---2014-09-14','STEP AP242 Edition 2''CAx-IF Rec.Pracs.---Representation and Presentation of Product Manufa
cturing Information (PMI)---4.0---2014-10-13''CAx-IF Rec.Pracs.---3D Tessellated Geometry---0.4---2014-09-14''2;1','STEP AP242 Edition 2''CAx-IF Rec.Pracs.---Representation and Presentation of Product Manufa
cturing Information (PMI)---4.0---2014-10-13''CAx-IF Rec.Pracs.---3D Tessellated Geometry---0.4---2014-09-14''2;1''CAx-IF Rec.Pracs.---User Defined Attributes---1.5---2016-08-15'),'2;1');
/*name */
/*time_stamp */
/*author */
/*organization */
/*preprocessor_version */
/*originating_system */
/*authorisation */
FILE_NAME('/vol/tmp/translate-7265383035512610987/Part Studio 1 - Part 1.step','2026-03-31T05:57:06',(''),(''),'ST-DEVELOPER v20','ONSHAPE BY PTC INC, 1.212','  ');
FILE_SCHEMA(('AP242_MANAGED_MODEL_BASED_3D_ENGINEERING_MIM_LF { 1 0 10303 442 3 1 4 }'));
ENDSEC;
DATA;
#10=SHAPE_REPRESENTATION_RELATIONSHIP('','',#1906,#11);
#11=ADVANCED_BREP_SHAPE_REPRESENTATION('',(#1904),#3361);
#12=PLANE('',#1912);
#13=PLANE('',#1914);
#14=PLANE('',#1983);
#15=PLANE('',#2050);
#16=PLANE('',#2054);
#17=PLANE('',#2058);
#18=PLANE('',#2059);
#19=PLANE('',#2061);
#20=PLANE('',#2064);
#21=PLANE('',#2067);
#22=PLANE('',#2070);
#23=PLANE('',#2073);
#24=PLANE('',#2077);
#25=PLANE('',#2079);
#26=PLANE('',#2083);
#27=PLANE('',#2087);
#28=PLANE('',#2091);
#29=PLANE('',#2096);
#30=PLANE('',#2099);
#31=PLANE('',#2106);
#32=PLANE('',#2108);
#33=PLANE('',#2114);
#34=PLANE('',#2116);
#35=PLANE('',#2122);
#36=PLANE('',#2124);
#37=PLANE('',#2129);
#38=PLANE('',#2131);
#39=PLANE('',#2137);
#40=PLANE('',#2139);
#41=B_SPLINE_CURVE_WITH_KNOTS('',3,(#2770,#2771,#2772,#2773,#2774,#2775,#2776,#2777,#2778),.UNSPECIFIED.,.F.,.F.,(4,1,1,1,1,1,4),(0.,0.00349521100365823,0.00524281650548734,0.00699042200731645,0.00873802750914556,0.0104856330109747,0.0139808440146329),.UNSPECIFIED.);
#42=B_SPLINE_CURVE_WITH_KNOTS('',3,(#3128,#3129,#3130,#3131,#3132,#3133,#3134,#3135,#3136,#3137,#3138),.UNSPECIFIED.,.T.,.F.,(1,1,1,1,1,1,1,1,1,1,1,1,1,1,1),(-0.0104461895010271,-0.00696412633401804,-0.00348206316700902,0.,0.00348206316700902,0.00696412633401804,0.0104461895010271,0.0139282526680361,0.0174103158350451,0.0208923790020541,0.0243744421690632,0.0278565053360722,0.0313385685030812,0.0348206316700902,0.0383026948370992),.UNSPECIFIED.);
#43=B_SPLINE_CURVE_WITH_KNOTS('',3,(#3140,#3141,#3142,#3143,#3144,#3145,#3146,#3147,#3148,#3149,#3150),.UNSPECIFIED.,.T.,.F.,(1,1,1,1,1,1,1,1,1,1,1,1,1,1,1),(-0.0104461895010272,-0.00696412633401812,-0.00348206316700906,0.,0.00348206316700906,0.00696412633401812,0.0104461895010272,0.0139282526680362,0.0174103158350453,0.0208923790020544,0.0243744421690634,0.0278565053360725,0.0313385685030816,0.0348206316700906,0.0383026948370997),.UNSPECIFIED.);
#44=B_SPLINE_CURVE_WITH_KNOTS('',3,(#3334,#3335,#3336,#3337,#3338),.UNSPECIFIED.,.F.,.F.,(4,1,4),(0.,0.00194917312136255,0.0038983462427251),.UNSPECIFIED.);
#45=B_SPLINE_CURVE_WITH_KNOTS('',3,(#3340,#3341,#3342,#3343,#3344),.UNSPECIFIED.,.F.,.F.,(4,1,4),(0.,0.00201846597383561,0.00403693194767122),.UNSPECIFIED.);
#46=B_SPLINE_CURVE_WITH_KNOTS('',3,(#3346,#3347,#3348,#3349,#3350,#3351,#3352,#3353,#3354),.UNSPECIFIED.,.F.,.F.,(4,1,1,1,1,1,4),(0.00163789342043727,0.00383761063023427,0.00493746923513276,0.00603732784003126,0.00713718644492976,0.00823704504982825,0.0104367622596252),.UNSPECIFIED.);
#47=LINE('',#2762,#171);
#48=LINE('',#2766,#172);
#49=LINE('',#2780,#173);
#50=LINE('',#2792,#174);
#51=LINE('',#2800,#175);
#52=LINE('',#2808,#176);
#53=LINE('',#2816,#177);
#54=LINE('',#2828,#178);
#55=LINE('',#2836,#179);
#56=LINE('',#2844,#180);
#57=LINE('',#2852,#181);
#58=LINE('',#2856,#182);
#59=LINE('',#2864,#183);
#60=LINE('',#2869,#184);
#61=LINE('',#2878,#185);
#62=LINE('',#2885,#186);
#63=LINE('',#2894,#187);
#64=LINE('',#2906,#188);
#65=LINE('',#2914,#189);
#66=LINE('',#2926,#190);
#67=LINE('',#2930,#191);
#68=LINE('',#2950,#192);
#69=LINE('',#2958,#193);
#70=LINE('',#2965,#194);
#71=LINE('',#2973,#195);
#72=LINE('',#2981,#196);
#73=LINE('',#2989,#197);
#74=LINE('',#2992,#198);
#75=LINE('',#3001,#199);
#76=LINE('',#3008,#200);
#77=LINE('',#3017,#201);
#78=LINE('',#3029,#202);
#79=LINE('',#3037,#203);
#80=LINE('',#3046,#204);
#81=LINE('',#3051,#205);
#82=LINE('',#3063,#206);
#83=LINE('',#3071,#207);
#84=LINE('',#3075,#208);
#85=LINE('',#3083,#209);
#86=LINE('',#3091,#210);
#87=LINE('',#3099,#211);
#88=LINE('',#3113,#212);
#89=LINE('',#3121,#213);
#90=LINE('',#3152,#214);
#91=LINE('',#3153,#215);
#92=LINE('',#3157,#216);
#93=LINE('',#3159,#217);
#94=LINE('',#3171,#218);
#95=LINE('',#3186,#219);
#96=LINE('',#3187,#220);
#97=LINE('',#3189,#221);
#98=LINE('',#3191,#222);
#99=LINE('',#3193,#223);
#100=LINE('',#3195,#224);
#101=LINE('',#3197,#225);
#102=LINE('',#3199,#226);
#103=LINE('',#3202,#227);
#104=LINE('',#3203,#228);
#105=LINE('',#3205,#229);
#106=LINE('',#3207,#230);
#107=LINE('',#3209,#231);
#108=LINE('',#3211,#232);
#109=LINE('',#3213,#233);
#110=LINE('',#3215,#234);
#111=LINE('',#3218,#235);
#112=LINE('',#3219,#236);
#113=LINE('',#3221,#237);
#114=LINE('',#3223,#238);
#115=LINE('',#3225,#239);
#116=LINE('',#3227,#240);
#117=LINE('',#3229,#241);
#118=LINE('',#3231,#242);
#119=LINE('',#3234,#243);
#120=LINE('',#3235,#244);
#121=LINE('',#3237,#245);
#122=LINE('',#3238,#246);
#123=LINE('',#3240,#247);
#124=LINE('',#3241,#248);
#125=LINE('',#3243,#249);
#126=LINE('',#3244,#250);
#127=LINE('',#3246,#251);
#128=LINE('',#3247,#252);
#129=LINE('',#3254,#253);
#130=LINE('',#3255,#254);
#131=LINE('',#3257,#255);
#132=LINE('',#3258,#256);
#133=LINE('',#3260,#257);
#134=LINE('',#3261,#258);
#135=LINE('',#3263,#259);
#136=LINE('',#3264,#260);
#137=LINE('',#3270,#261);
#138=LINE('',#3271,#262);
#139=LINE('',#3273,#263);
#140=LINE('',#3274,#264);
#141=LINE('',#3276,#265);
#142=LINE('',#3277,#266);
#143=LINE('',#3279,#267);
#144=LINE('',#3280,#268);
#145=LINE('',#3286,#269);
#146=LINE('',#3287,#270);
#147=LINE('',#3289,#271);
#148=LINE('',#3290,#272);
#149=LINE('',#3292,#273);
#150=LINE('',#3293,#274);
#151=LINE('',#3295,#275);
#152=LINE('',#3296,#276);
#153=LINE('',#3302,#277);
#154=LINE('',#3303,#278);
#155=LINE('',#3305,#279);
#156=LINE('',#3306,#280);
#157=LINE('',#3308,#281);
#158=LINE('',#3309,#282);
#159=LINE('',#3311,#283);
#160=LINE('',#3312,#284);
#161=LINE('',#3318,#285);
#162=LINE('',#3319,#286);
#163=LINE('',#3321,#287);
#164=LINE('',#3322,#288);
#165=LINE('',#3324,#289);
#166=LINE('',#3325,#290);
#167=LINE('',#3327,#291);
#168=LINE('',#3328,#292);
#169=LINE('',#3356,#293);
#170=LINE('',#3357,#294);
#171=VECTOR('',#2155,1.);
#172=VECTOR('',#2158,1.);
#173=VECTOR('',#2163,1.);
#174=VECTOR('',#2176,1.);
#175=VECTOR('',#2183,1.);
#176=VECTOR('',#2190,1.);
#177=VECTOR('',#2197,1.);
#178=VECTOR('',#2208,1.);
#179=VECTOR('',#2215,1.);
#180=VECTOR('',#2222,1.);
#181=VECTOR('',#2229,1.);
#182=VECTOR('',#2232,1.);
#183=VECTOR('',#2239,1.);
#184=VECTOR('',#2244,1.);
#185=VECTOR('',#2251,1.);
#186=VECTOR('',#2258,1.);
#187=VECTOR('',#2265,1.);
#188=VECTOR('',#2276,1.);
#189=VECTOR('',#2283,1.);
#190=VECTOR('',#2294,1.);
#191=VECTOR('',#2297,1.);
#192=VECTOR('',#2316,1.);
#193=VECTOR('',#2323,1.);
#194=VECTOR('',#2330,1.);
#195=VECTOR('',#2337,1.);
#196=VECTOR('',#2344,1.);
#197=VECTOR('',#2351,1.);
#198=VECTOR('',#2354,1.);
#199=VECTOR('',#2361,1.);
#200=VECTOR('',#2368,1.);
#201=VECTOR('',#2375,1.);
#202=VECTOR('',#2386,1.);
#203=VECTOR('',#2393,1.);
#204=VECTOR('',#2402,1.);
#205=VECTOR('',#2405,1.);
#206=VECTOR('',#2416,1.);
#207=VECTOR('',#2423,1.);
#208=VECTOR('',#2426,1.);
#209=VECTOR('',#2433,1.);
#210=VECTOR('',#2440,1.);
#211=VECTOR('',#2447,1.);
#212=VECTOR('',#2460,1.);
#213=VECTOR('',#2467,1.);
#214=VECTOR('',#2476,1.);
#215=VECTOR('',#2477,1.);
#216=VECTOR('',#2482,1.);
#217=VECTOR('',#2485,1.);
#218=VECTOR('',#2504,1.);
#219=VECTOR('',#2527,1.);
#220=VECTOR('',#2528,1.);
#221=VECTOR('',#2531,1.);
#222=VECTOR('',#2534,1.);
#223=VECTOR('',#2537,1.);
#224=VECTOR('',#2540,1.);
#225=VECTOR('',#2543,1.);
#226=VECTOR('',#2546,1.);
#227=VECTOR('',#2551,1.);
#228=VECTOR('',#2552,1.);
#229=VECTOR('',#2555,1.);
#230=VECTOR('',#2558,1.);
#231=VECTOR('',#2561,1.);
#232=VECTOR('',#2564,1.);
#233=VECTOR('',#2567,1.);
#234=VECTOR('',#2570,1.);
#235=VECTOR('',#2575,1.);
#236=VECTOR('',#2576,1.);
#237=VECTOR('',#2579,1.);
#238=VECTOR('',#2582,1.);
#239=VECTOR('',#2585,1.);
#240=VECTOR('',#2588,1.);
#241=VECTOR('',#2591,1.);
#242=VECTOR('',#2594,1.);
#243=VECTOR('',#2599,1.);
#244=VECTOR('',#2600,1.);
#245=VECTOR('',#2603,1.);
#246=VECTOR('',#2604,1.);
#247=VECTOR('',#2607,1.);
#248=VECTOR('',#2608,1.);
#249=VECTOR('',#2611,1.);
#250=VECTOR('',#2612,1.);
#251=VECTOR('',#2615,1.);
#252=VECTOR('',#2616,1.);
#253=VECTOR('',#2629,1.);
#254=VECTOR('',#2630,1.);
#255=VECTOR('',#2633,1.);
#256=VECTOR('',#2634,1.);
#257=VECTOR('',#2637,1.);
#258=VECTOR('',#2638,1.);
#259=VECTOR('',#2641,1.);
#260=VECTOR('',#2642,1.);
#261=VECTOR('',#2653,1.);
#262=VECTOR('',#2654,1.);
#263=VECTOR('',#2657,1.);
#264=VECTOR('',#2658,1.);
#265=VECTOR('',#2661,1.);
#266=VECTOR('',#2662,1.);
#267=VECTOR('',#2665,1.);
#268=VECTOR('',#2666,1.);
#269=VECTOR('',#2677,1.);
#270=VECTOR('',#2678,1.);
#271=VECTOR('',#2681,1.);
#272=VECTOR('',#2682,1.);
#273=VECTOR('',#2685,1.);
#274=VECTOR('',#2686,1.);
#275=VECTOR('',#2689,1.);
#276=VECTOR('',#2690,1.);
#277=VECTOR('',#2701,1.);
#278=VECTOR('',#2702,1.);
#279=VECTOR('',#2705,1.);
#280=VECTOR('',#2706,1.);
#281=VECTOR('',#2709,1.);
#282=VECTOR('',#2710,1.);
#283=VECTOR('',#2713,1.);
#284=VECTOR('',#2714,1.);
#285=VECTOR('',#2725,1.);
#286=VECTOR('',#2726,1.);
#287=VECTOR('',#2729,1.);
#288=VECTOR('',#2730,1.);
#289=VECTOR('',#2733,1.);
#290=VECTOR('',#2734,1.);
#291=VECTOR('',#2737,1.);
#292=VECTOR('',#2738,1.);
#293=VECTOR('',#2751,1.);
#294=VECTOR('',#2752,1.);
#295=ORIENTED_EDGE('',*,*,#837,.F.);
#296=ORIENTED_EDGE('',*,*,#838,.T.);
#297=ORIENTED_EDGE('',*,*,#839,.T.);
#298=ORIENTED_EDGE('',*,*,#840,.T.);
#299=ORIENTED_EDGE('',*,*,#841,.F.);
#300=ORIENTED_EDGE('',*,*,#842,.F.);
#301=ORIENTED_EDGE('',*,*,#843,.T.);
#302=ORIENTED_EDGE('',*,*,#844,.T.);
#303=ORIENTED_EDGE('',*,*,#837,.T.);
#304=ORIENTED_EDGE('',*,*,#839,.F.);
#305=ORIENTED_EDGE('',*,*,#845,.T.);
#306=ORIENTED_EDGE('',*,*,#846,.F.);
#307=ORIENTED_EDGE('',*,*,#847,.T.);
#308=ORIENTED_EDGE('',*,*,#848,.F.);
#309=ORIENTED_EDGE('',*,*,#849,.F.);
#310=ORIENTED_EDGE('',*,*,#850,.F.);
#311=ORIENTED_EDGE('',*,*,#851,.F.);
#312=ORIENTED_EDGE('',*,*,#852,.F.);
#313=ORIENTED_EDGE('',*,*,#853,.T.);
#314=ORIENTED_EDGE('',*,*,#854,.F.);
#315=ORIENTED_EDGE('',*,*,#855,.T.);
#316=ORIENTED_EDGE('',*,*,#856,.F.);
#317=ORIENTED_EDGE('',*,*,#857,.F.);
#318=ORIENTED_EDGE('',*,*,#858,.F.);
#319=ORIENTED_EDGE('',*,*,#859,.T.);
#320=ORIENTED_EDGE('',*,*,#860,.F.);
#321=ORIENTED_EDGE('',*,*,#861,.T.);
#322=ORIENTED_EDGE('',*,*,#862,.F.);
#323=ORIENTED_EDGE('',*,*,#863,.T.);
#324=ORIENTED_EDGE('',*,*,#864,.F.);
#325=ORIENTED_EDGE('',*,*,#865,.T.);
#326=ORIENTED_EDGE('',*,*,#866,.F.);
#327=ORIENTED_EDGE('',*,*,#867,.F.);
#328=ORIENTED_EDGE('',*,*,#868,.F.);
#329=ORIENTED_EDGE('',*,*,#869,.T.);
#330=ORIENTED_EDGE('',*,*,#870,.F.);
#331=ORIENTED_EDGE('',*,*,#871,.T.);
#332=ORIENTED_EDGE('',*,*,#872,.F.);
#333=ORIENTED_EDGE('',*,*,#873,.T.);
#334=ORIENTED_EDGE('',*,*,#874,.F.);
#335=ORIENTED_EDGE('',*,*,#875,.F.);
#336=ORIENTED_EDGE('',*,*,#876,.F.);
#337=ORIENTED_EDGE('',*,*,#877,.F.);
#338=ORIENTED_EDGE('',*,*,#878,.F.);
#339=ORIENTED_EDGE('',*,*,#879,.T.);
#340=ORIENTED_EDGE('',*,*,#880,.F.);
#341=ORIENTED_EDGE('',*,*,#881,.F.);
#342=ORIENTED_EDGE('',*,*,#882,.F.);
#343=ORIENTED_EDGE('',*,*,#883,.F.);
#344=ORIENTED_EDGE('',*,*,#884,.F.);
#345=ORIENTED_EDGE('',*,*,#885,.T.);
#346=ORIENTED_EDGE('',*,*,#886,.F.);
#347=ORIENTED_EDGE('',*,*,#887,.T.);
#348=ORIENTED_EDGE('',*,*,#888,.F.);
#349=ORIENTED_EDGE('',*,*,#889,.F.);
#350=ORIENTED_EDGE('',*,*,#890,.F.);
#351=ORIENTED_EDGE('',*,*,#891,.F.);
#352=ORIENTED_EDGE('',*,*,#892,.T.);
#353=ORIENTED_EDGE('',*,*,#893,.F.);
#354=ORIENTED_EDGE('',*,*,#894,.T.);
#355=ORIENTED_EDGE('',*,*,#895,.F.);
#356=ORIENTED_EDGE('',*,*,#896,.F.);
#357=ORIENTED_EDGE('',*,*,#897,.F.);
#358=ORIENTED_EDGE('',*,*,#898,.F.);
#359=ORIENTED_EDGE('',*,*,#899,.F.);
#360=ORIENTED_EDGE('',*,*,#900,.T.);
#361=ORIENTED_EDGE('',*,*,#901,.F.);
#362=ORIENTED_EDGE('',*,*,#902,.T.);
#363=ORIENTED_EDGE('',*,*,#903,.F.);
#364=ORIENTED_EDGE('',*,*,#904,.F.);
#365=ORIENTED_EDGE('',*,*,#905,.F.);
#366=ORIENTED_EDGE('',*,*,#906,.T.);
#367=ORIENTED_EDGE('',*,*,#907,.F.);
#368=ORIENTED_EDGE('',*,*,#908,.T.);
#369=ORIENTED_EDGE('',*,*,#909,.F.);
#370=ORIENTED_EDGE('',*,*,#910,.F.);
#371=ORIENTED_EDGE('',*,*,#911,.F.);
#372=ORIENTED_EDGE('',*,*,#912,.F.);
#373=ORIENTED_EDGE('',*,*,#913,.F.);
#374=ORIENTED_EDGE('',*,*,#914,.F.);
#375=ORIENTED_EDGE('',*,*,#915,.T.);
#376=ORIENTED_EDGE('',*,*,#916,.T.);
#377=ORIENTED_EDGE('',*,*,#917,.T.);
#378=ORIENTED_EDGE('',*,*,#918,.F.);
#379=ORIENTED_EDGE('',*,*,#919,.F.);
#380=ORIENTED_EDGE('',*,*,#920,.F.);
#381=ORIENTED_EDGE('',*,*,#921,.F.);
#382=ORIENTED_EDGE('',*,*,#922,.F.);
#383=ORIENTED_EDGE('',*,*,#923,.F.);
#384=ORIENTED_EDGE('',*,*,#924,.T.);
#385=ORIENTED_EDGE('',*,*,#925,.F.);
#386=ORIENTED_EDGE('',*,*,#926,.T.);
#387=ORIENTED_EDGE('',*,*,#927,.F.);
#388=ORIENTED_EDGE('',*,*,#928,.F.);
#389=ORIENTED_EDGE('',*,*,#929,.F.);
#390=ORIENTED_EDGE('',*,*,#930,.F.);
#391=ORIENTED_EDGE('',*,*,#931,.F.);
#392=ORIENTED_EDGE('',*,*,#932,.T.);
#393=ORIENTED_EDGE('',*,*,#933,.T.);
#394=ORIENTED_EDGE('',*,*,#934,.T.);
#395=ORIENTED_EDGE('',*,*,#935,.T.);
#396=ORIENTED_EDGE('',*,*,#936,.T.);
#397=ORIENTED_EDGE('',*,*,#937,.F.);
#398=ORIENTED_EDGE('',*,*,#938,.T.);
#399=ORIENTED_EDGE('',*,*,#939,.F.);
#400=ORIENTED_EDGE('',*,*,#940,.T.);
#401=ORIENTED_EDGE('',*,*,#941,.F.);
#402=ORIENTED_EDGE('',*,*,#942,.T.);
#403=ORIENTED_EDGE('',*,*,#943,.T.);
#404=ORIENTED_EDGE('',*,*,#944,.T.);
#405=ORIENTED_EDGE('',*,*,#945,.F.);
#406=ORIENTED_EDGE('',*,*,#946,.T.);
#407=ORIENTED_EDGE('',*,*,#947,.F.);
#408=ORIENTED_EDGE('',*,*,#948,.T.);
#409=ORIENTED_EDGE('',*,*,#949,.T.);
#410=ORIENTED_EDGE('',*,*,#950,.T.);
#411=ORIENTED_EDGE('',*,*,#951,.F.);
#412=ORIENTED_EDGE('',*,*,#952,.T.);
#413=ORIENTED_EDGE('',*,*,#953,.F.);
#414=ORIENTED_EDGE('',*,*,#954,.T.);
#415=ORIENTED_EDGE('',*,*,#955,.F.);
#416=ORIENTED_EDGE('',*,*,#956,.T.);
#417=ORIENTED_EDGE('',*,*,#957,.T.);
#418=ORIENTED_EDGE('',*,*,#958,.T.);
#419=ORIENTED_EDGE('',*,*,#959,.F.);
#420=ORIENTED_EDGE('',*,*,#960,.T.);
#421=ORIENTED_EDGE('',*,*,#961,.F.);
#422=ORIENTED_EDGE('',*,*,#962,.T.);
#423=ORIENTED_EDGE('',*,*,#963,.T.);
#424=ORIENTED_EDGE('',*,*,#964,.T.);
#425=ORIENTED_EDGE('',*,*,#965,.T.);
#426=ORIENTED_EDGE('',*,*,#966,.T.);
#427=ORIENTED_EDGE('',*,*,#967,.T.);
#428=ORIENTED_EDGE('',*,*,#968,.T.);
#429=ORIENTED_EDGE('',*,*,#969,.F.);
#430=ORIENTED_EDGE('',*,*,#970,.T.);
#431=ORIENTED_EDGE('',*,*,#971,.F.);
#432=ORIENTED_EDGE('',*,*,#972,.T.);
#433=ORIENTED_EDGE('',*,*,#973,.T.);
#434=ORIENTED_EDGE('',*,*,#974,.T.);
#435=ORIENTED_EDGE('',*,*,#975,.T.);
#436=ORIENTED_EDGE('',*,*,#976,.F.);
#437=ORIENTED_EDGE('',*,*,#977,.T.);
#438=ORIENTED_EDGE('',*,*,#978,.T.);
#439=ORIENTED_EDGE('',*,*,#979,.F.);
#440=ORIENTED_EDGE('',*,*,#980,.F.);
#441=ORIENTED_EDGE('',*,*,#981,.F.);
#442=ORIENTED_EDGE('',*,*,#982,.F.);
#443=ORIENTED_EDGE('',*,*,#983,.F.);
#444=ORIENTED_EDGE('',*,*,#984,.F.);
#445=ORIENTED_EDGE('',*,*,#985,.F.);
#446=ORIENTED_EDGE('',*,*,#986,.T.);
#447=ORIENTED_EDGE('',*,*,#987,.F.);
#448=ORIENTED_EDGE('',*,*,#988,.T.);
#449=ORIENTED_EDGE('',*,*,#989,.F.);
#450=ORIENTED_EDGE('',*,*,#990,.F.);
#451=ORIENTED_EDGE('',*,*,#991,.F.);
#452=ORIENTED_EDGE('',*,*,#992,.T.);
#453=ORIENTED_EDGE('',*,*,#993,.F.);
#454=ORIENTED_EDGE('',*,*,#994,.T.);
#455=ORIENTED_EDGE('',*,*,#995,.F.);
#456=ORIENTED_EDGE('',*,*,#996,.F.);
#457=ORIENTED_EDGE('',*,*,#997,.F.);
#458=ORIENTED_EDGE('',*,*,#998,.F.);
#459=ORIENTED_EDGE('',*,*,#999,.F.);
#460=ORIENTED_EDGE('',*,*,#1000,.T.);
#461=ORIENTED_EDGE('',*,*,#1001,.F.);
#462=ORIENTED_EDGE('',*,*,#1002,.T.);
#463=ORIENTED_EDGE('',*,*,#1003,.F.);
#464=ORIENTED_EDGE('',*,*,#1004,.F.);
#465=ORIENTED_EDGE('',*,*,#1005,.F.);
#466=ORIENTED_EDGE('',*,*,#1006,.T.);
#467=ORIENTED_EDGE('',*,*,#1007,.F.);
#468=ORIENTED_EDGE('',*,*,#1008,.T.);
#469=ORIENTED_EDGE('',*,*,#1009,.F.);
#470=ORIENTED_EDGE('',*,*,#1010,.T.);
#471=ORIENTED_EDGE('',*,*,#1011,.T.);
#472=ORIENTED_EDGE('',*,*,#1012,.T.);
#473=ORIENTED_EDGE('',*,*,#1013,.T.);
#474=ORIENTED_EDGE('',*,*,#1014,.T.);
#475=ORIENTED_EDGE('',*,*,#919,.T.);
#476=ORIENTED_EDGE('',*,*,#1015,.T.);
#477=ORIENTED_EDGE('',*,*,#1016,.T.);
#478=ORIENTED_EDGE('',*,*,#1017,.T.);
#479=ORIENTED_EDGE('',*,*,#1018,.T.);
#480=ORIENTED_EDGE('',*,*,#977,.F.);
#481=ORIENTED_EDGE('',*,*,#1019,.F.);
#482=ORIENTED_EDGE('',*,*,#915,.F.);
#483=ORIENTED_EDGE('',*,*,#1020,.F.);
#484=ORIENTED_EDGE('',*,*,#976,.T.);
#485=ORIENTED_EDGE('',*,*,#1021,.F.);
#486=ORIENTED_EDGE('',*,*,#916,.F.);
#487=ORIENTED_EDGE('',*,*,#1019,.T.);
#488=ORIENTED_EDGE('',*,*,#979,.T.);
#489=ORIENTED_EDGE('',*,*,#1022,.F.);
#490=ORIENTED_EDGE('',*,*,#917,.F.);
#491=ORIENTED_EDGE('',*,*,#1021,.T.);
#492=ORIENTED_EDGE('',*,*,#921,.T.);
#493=ORIENTED_EDGE('',*,*,#974,.F.);
#494=ORIENTED_EDGE('',*,*,#920,.T.);
#495=ORIENTED_EDGE('',*,*,#975,.F.);
#496=ORIENTED_EDGE('',*,*,#978,.F.);
#497=ORIENTED_EDGE('',*,*,#1018,.F.);
#498=ORIENTED_EDGE('',*,*,#918,.T.);
#499=ORIENTED_EDGE('',*,*,#1022,.T.);
#500=ORIENTED_EDGE('',*,*,#922,.T.);
#501=ORIENTED_EDGE('',*,*,#973,.F.);
#502=ORIENTED_EDGE('',*,*,#1023,.F.);
#503=ORIENTED_EDGE('',*,*,#980,.T.);
#504=ORIENTED_EDGE('',*,*,#1015,.F.);
#505=ORIENTED_EDGE('',*,*,#1023,.T.);
#506=ORIENTED_EDGE('',*,*,#841,.T.);
#507=ORIENTED_EDGE('',*,*,#1024,.T.);
#508=ORIENTED_EDGE('',*,*,#1025,.T.);
#509=ORIENTED_EDGE('',*,*,#1020,.T.);
#510=ORIENTED_EDGE('',*,*,#1026,.F.);
#511=ORIENTED_EDGE('',*,*,#914,.T.);
#512=ORIENTED_EDGE('',*,*,#1026,.T.);
#513=ORIENTED_EDGE('',*,*,#1027,.F.);
#514=ORIENTED_EDGE('',*,*,#913,.T.);
#515=ORIENTED_EDGE('',*,*,#1027,.T.);
#516=ORIENTED_EDGE('',*,*,#1028,.F.);
#517=ORIENTED_EDGE('',*,*,#912,.T.);
#518=ORIENTED_EDGE('',*,*,#1028,.T.);
#519=ORIENTED_EDGE('',*,*,#904,.T.);
#520=ORIENTED_EDGE('',*,*,#1029,.T.);
#521=ORIENTED_EDGE('',*,*,#982,.T.);
#522=ORIENTED_EDGE('',*,*,#1030,.F.);
#523=ORIENTED_EDGE('',*,*,#905,.T.);
#524=ORIENTED_EDGE('',*,*,#1030,.T.);
#525=ORIENTED_EDGE('',*,*,#981,.T.);
#526=ORIENTED_EDGE('',*,*,#1031,.F.);
#527=ORIENTED_EDGE('',*,*,#1031,.T.);
#528=ORIENTED_EDGE('',*,*,#988,.F.);
#529=ORIENTED_EDGE('',*,*,#1032,.F.);
#530=ORIENTED_EDGE('',*,*,#906,.F.);
#531=ORIENTED_EDGE('',*,*,#907,.T.);
#532=ORIENTED_EDGE('',*,*,#1032,.T.);
#533=ORIENTED_EDGE('',*,*,#987,.T.);
#534=ORIENTED_EDGE('',*,*,#1033,.F.);
#535=ORIENTED_EDGE('',*,*,#1033,.T.);
#536=ORIENTED_EDGE('',*,*,#986,.F.);
#537=ORIENTED_EDGE('',*,*,#1034,.F.);
#538=ORIENTED_EDGE('',*,*,#908,.F.);
#539=ORIENTED_EDGE('',*,*,#909,.T.);
#540=ORIENTED_EDGE('',*,*,#1034,.T.);
#541=ORIENTED_EDGE('',*,*,#985,.T.);
#542=ORIENTED_EDGE('',*,*,#1035,.F.);
#543=ORIENTED_EDGE('',*,*,#910,.T.);
#544=ORIENTED_EDGE('',*,*,#1035,.T.);
#545=ORIENTED_EDGE('',*,*,#984,.T.);
#546=ORIENTED_EDGE('',*,*,#1036,.F.);
#547=ORIENTED_EDGE('',*,*,#911,.T.);
#548=ORIENTED_EDGE('',*,*,#1036,.T.);
#549=ORIENTED_EDGE('',*,*,#983,.T.);
#550=ORIENTED_EDGE('',*,*,#1029,.F.);
#551=ORIENTED_EDGE('',*,*,#896,.T.);
#552=ORIENTED_EDGE('',*,*,#1037,.T.);
#553=ORIENTED_EDGE('',*,*,#990,.T.);
#554=ORIENTED_EDGE('',*,*,#1038,.F.);
#555=ORIENTED_EDGE('',*,*,#897,.T.);
#556=ORIENTED_EDGE('',*,*,#1038,.T.);
#557=ORIENTED_EDGE('',*,*,#989,.T.);
#558=ORIENTED_EDGE('',*,*,#1039,.F.);
#559=ORIENTED_EDGE('',*,*,#898,.T.);
#560=ORIENTED_EDGE('',*,*,#1039,.T.);
#561=ORIENTED_EDGE('',*,*,#996,.T.);
#562=ORIENTED_EDGE('',*,*,#1040,.F.);
#563=ORIENTED_EDGE('',*,*,#899,.T.);
#564=ORIENTED_EDGE('',*,*,#1040,.T.);
#565=ORIENTED_EDGE('',*,*,#995,.T.);
#566=ORIENTED_EDGE('',*,*,#1041,.F.);
#567=ORIENTED_EDGE('',*,*,#1041,.T.);
#568=ORIENTED_EDGE('',*,*,#994,.F.);
#569=ORIENTED_EDGE('',*,*,#1042,.F.);
#570=ORIENTED_EDGE('',*,*,#900,.F.);
#571=ORIENTED_EDGE('',*,*,#901,.T.);
#572=ORIENTED_EDGE('',*,*,#1042,.T.);
#573=ORIENTED_EDGE('',*,*,#993,.T.);
#574=ORIENTED_EDGE('',*,*,#1043,.F.);
#575=ORIENTED_EDGE('',*,*,#1043,.T.);
#576=ORIENTED_EDGE('',*,*,#992,.F.);
#577=ORIENTED_EDGE('',*,*,#1044,.F.);
#578=ORIENTED_EDGE('',*,*,#902,.F.);
#579=ORIENTED_EDGE('',*,*,#903,.T.);
#580=ORIENTED_EDGE('',*,*,#1044,.T.);
#581=ORIENTED_EDGE('',*,*,#991,.T.);
#582=ORIENTED_EDGE('',*,*,#1037,.F.);
#583=ORIENTED_EDGE('',*,*,#888,.T.);
#584=ORIENTED_EDGE('',*,*,#1045,.T.);
#585=ORIENTED_EDGE('',*,*,#998,.T.);
#586=ORIENTED_EDGE('',*,*,#1046,.F.);
#587=ORIENTED_EDGE('',*,*,#889,.T.);
#588=ORIENTED_EDGE('',*,*,#1046,.T.);
#589=ORIENTED_EDGE('',*,*,#997,.T.);
#590=ORIENTED_EDGE('',*,*,#1047,.F.);
#591=ORIENTED_EDGE('',*,*,#890,.T.);
#592=ORIENTED_EDGE('',*,*,#1047,.T.);
#593=ORIENTED_EDGE('',*,*,#1004,.T.);
#594=ORIENTED_EDGE('',*,*,#1048,.F.);
#595=ORIENTED_EDGE('',*,*,#891,.T.);
#596=ORIENTED_EDGE('',*,*,#1048,.T.);
#597=ORIENTED_EDGE('',*,*,#1003,.T.);
#598=ORIENTED_EDGE('',*,*,#1049,.F.);
#599=ORIENTED_EDGE('',*,*,#1049,.T.);
#600=ORIENTED_EDGE('',*,*,#1002,.F.);
#601=ORIENTED_EDGE('',*,*,#1050,.F.);
#602=ORIENTED_EDGE('',*,*,#892,.F.);
#603=ORIENTED_EDGE('',*,*,#893,.T.);
#604=ORIENTED_EDGE('',*,*,#1050,.T.);
#605=ORIENTED_EDGE('',*,*,#1001,.T.);
#606=ORIENTED_EDGE('',*,*,#1051,.F.);
#607=ORIENTED_EDGE('',*,*,#1051,.T.);
#608=ORIENTED_EDGE('',*,*,#1000,.F.);
#609=ORIENTED_EDGE('',*,*,#1052,.F.);
#610=ORIENTED_EDGE('',*,*,#894,.F.);
#611=ORIENTED_EDGE('',*,*,#895,.T.);
#612=ORIENTED_EDGE('',*,*,#1052,.T.);
#613=ORIENTED_EDGE('',*,*,#999,.T.);
#614=ORIENTED_EDGE('',*,*,#1045,.F.);
#615=ORIENTED_EDGE('',*,*,#1005,.T.);
#616=ORIENTED_EDGE('',*,*,#1053,.F.);
#617=ORIENTED_EDGE('',*,*,#926,.F.);
#618=ORIENTED_EDGE('',*,*,#1054,.F.);
#619=ORIENTED_EDGE('',*,*,#1055,.F.);
#620=ORIENTED_EDGE('',*,*,#928,.T.);
#621=ORIENTED_EDGE('',*,*,#1056,.F.);
#622=ORIENTED_EDGE('',*,*,#1013,.F.);
#623=ORIENTED_EDGE('',*,*,#1007,.T.);
#624=ORIENTED_EDGE('',*,*,#1057,.F.);
#625=ORIENTED_EDGE('',*,*,#924,.F.);
#626=ORIENTED_EDGE('',*,*,#1058,.F.);
#627=ORIENTED_EDGE('',*,*,#1059,.F.);
#628=ORIENTED_EDGE('',*,*,#930,.T.);
#629=ORIENTED_EDGE('',*,*,#1060,.F.);
#630=ORIENTED_EDGE('',*,*,#1011,.F.);
#631=ORIENTED_EDGE('',*,*,#1009,.T.);
#632=ORIENTED_EDGE('',*,*,#1061,.F.);
#633=ORIENTED_EDGE('',*,*,#932,.F.);
#634=ORIENTED_EDGE('',*,*,#1062,.F.);
#635=ORIENTED_EDGE('',*,*,#1056,.T.);
#636=ORIENTED_EDGE('',*,*,#927,.T.);
#637=ORIENTED_EDGE('',*,*,#1053,.T.);
#638=ORIENTED_EDGE('',*,*,#1014,.F.);
#639=ORIENTED_EDGE('',*,*,#1054,.T.);
#640=ORIENTED_EDGE('',*,*,#925,.T.);
#641=ORIENTED_EDGE('',*,*,#1057,.T.);
#642=ORIENTED_EDGE('',*,*,#1006,.F.);
#643=ORIENTED_EDGE('',*,*,#1058,.T.);
#644=ORIENTED_EDGE('',*,*,#923,.T.);
#645=ORIENTED_EDGE('',*,*,#1061,.T.);
#646=ORIENTED_EDGE('',*,*,#1008,.F.);
#647=ORIENTED_EDGE('',*,*,#1060,.T.);
#648=ORIENTED_EDGE('',*,*,#929,.T.);
#649=ORIENTED_EDGE('',*,*,#1055,.T.);
#650=ORIENTED_EDGE('',*,*,#1012,.F.);
#651=ORIENTED_EDGE('',*,*,#1062,.T.);
#652=ORIENTED_EDGE('',*,*,#931,.T.);
#653=ORIENTED_EDGE('',*,*,#1059,.T.);
#654=ORIENTED_EDGE('',*,*,#1010,.F.);
#655=ORIENTED_EDGE('',*,*,#969,.T.);
#656=ORIENTED_EDGE('',*,*,#1063,.F.);
#657=ORIENTED_EDGE('',*,*,#887,.F.);
#658=ORIENTED_EDGE('',*,*,#1064,.F.);
#659=ORIENTED_EDGE('',*,*,#971,.T.);
#660=ORIENTED_EDGE('',*,*,#1065,.F.);
#661=ORIENTED_EDGE('',*,*,#885,.F.);
#662=ORIENTED_EDGE('',*,*,#1066,.F.);
#663=ORIENTED_EDGE('',*,*,#1067,.F.);
#664=ORIENTED_EDGE('',*,*,#883,.T.);
#665=ORIENTED_EDGE('',*,*,#1068,.F.);
#666=ORIENTED_EDGE('',*,*,#965,.F.);
#667=ORIENTED_EDGE('',*,*,#1069,.F.);
#668=ORIENTED_EDGE('',*,*,#881,.T.);
#669=ORIENTED_EDGE('',*,*,#1070,.F.);
#670=ORIENTED_EDGE('',*,*,#967,.F.);
#671=ORIENTED_EDGE('',*,*,#1068,.T.);
#672=ORIENTED_EDGE('',*,*,#882,.T.);
#673=ORIENTED_EDGE('',*,*,#1069,.T.);
#674=ORIENTED_EDGE('',*,*,#966,.F.);
#675=ORIENTED_EDGE('',*,*,#1070,.T.);
#676=ORIENTED_EDGE('',*,*,#880,.T.);
#677=ORIENTED_EDGE('',*,*,#1063,.T.);
#678=ORIENTED_EDGE('',*,*,#968,.F.);
#679=ORIENTED_EDGE('',*,*,#1066,.T.);
#680=ORIENTED_EDGE('',*,*,#884,.T.);
#681=ORIENTED_EDGE('',*,*,#1067,.T.);
#682=ORIENTED_EDGE('',*,*,#972,.F.);
#683=ORIENTED_EDGE('',*,*,#1064,.T.);
#684=ORIENTED_EDGE('',*,*,#886,.T.);
#685=ORIENTED_EDGE('',*,*,#1065,.T.);
#686=ORIENTED_EDGE('',*,*,#970,.F.);
#687=ORIENTED_EDGE('',*,*,#1071,.F.);
#688=ORIENTED_EDGE('',*,*,#877,.T.);
#689=ORIENTED_EDGE('',*,*,#1072,.F.);
#690=ORIENTED_EDGE('',*,*,#963,.F.);
#691=ORIENTED_EDGE('',*,*,#1073,.F.);
#692=ORIENTED_EDGE('',*,*,#875,.T.);
#693=ORIENTED_EDGE('',*,*,#1074,.F.);
#694=ORIENTED_EDGE('',*,*,#957,.F.);
#695=ORIENTED_EDGE('',*,*,#959,.T.);
#696=ORIENTED_EDGE('',*,*,#1075,.F.);
#697=ORIENTED_EDGE('',*,*,#873,.F.);
#698=ORIENTED_EDGE('',*,*,#1076,.F.);
#699=ORIENTED_EDGE('',*,*,#961,.T.);
#700=ORIENTED_EDGE('',*,*,#1077,.F.);
#701=ORIENTED_EDGE('',*,*,#879,.F.);
#702=ORIENTED_EDGE('',*,*,#1078,.F.);
#703=ORIENTED_EDGE('',*,*,#1076,.T.);
#704=ORIENTED_EDGE('',*,*,#872,.T.);
#705=ORIENTED_EDGE('',*,*,#1077,.T.);
#706=ORIENTED_EDGE('',*,*,#960,.F.);
#707=ORIENTED_EDGE('',*,*,#1074,.T.);
#708=ORIENTED_EDGE('',*,*,#874,.T.);
#709=ORIENTED_EDGE('',*,*,#1075,.T.);
#710=ORIENTED_EDGE('',*,*,#958,.F.);
#711=ORIENTED_EDGE('',*,*,#1072,.T.);
#712=ORIENTED_EDGE('',*,*,#876,.T.);
#713=ORIENTED_EDGE('',*,*,#1073,.T.);
#714=ORIENTED_EDGE('',*,*,#964,.F.);
#715=ORIENTED_EDGE('',*,*,#1078,.T.);
#716=ORIENTED_EDGE('',*,*,#878,.T.);
#717=ORIENTED_EDGE('',*,*,#1071,.T.);
#718=ORIENTED_EDGE('',*,*,#962,.F.);
#719=ORIENTED_EDGE('',*,*,#955,.T.);
#720=ORIENTED_EDGE('',*,*,#1079,.F.);
#721=ORIENTED_EDGE('',*,*,#869,.F.);
#722=ORIENTED_EDGE('',*,*,#1080,.F.);
#723=ORIENTED_EDGE('',*,*,#1081,.F.);
#724=ORIENTED_EDGE('',*,*,#867,.T.);
#725=ORIENTED_EDGE('',*,*,#1082,.F.);
#726=ORIENTED_EDGE('',*,*,#949,.F.);
#727=ORIENTED_EDGE('',*,*,#951,.T.);
#728=ORIENTED_EDGE('',*,*,#1083,.F.);
#729=ORIENTED_EDGE('',*,*,#865,.F.);
#730=ORIENTED_EDGE('',*,*,#1084,.F.);
#731=ORIENTED_EDGE('',*,*,#953,.T.);
#732=ORIENTED_EDGE('',*,*,#1085,.F.);
#733=ORIENTED_EDGE('',*,*,#871,.F.);
#734=ORIENTED_EDGE('',*,*,#1086,.F.);
#735=ORIENTED_EDGE('',*,*,#1084,.T.);
#736=ORIENTED_EDGE('',*,*,#864,.T.);
#737=ORIENTED_EDGE('',*,*,#1085,.T.);
#738=ORIENTED_EDGE('',*,*,#952,.F.);
#739=ORIENTED_EDGE('',*,*,#1082,.T.);
#740=ORIENTED_EDGE('',*,*,#866,.T.);
#741=ORIENTED_EDGE('',*,*,#1083,.T.);
#742=ORIENTED_EDGE('',*,*,#950,.F.);
#743=ORIENTED_EDGE('',*,*,#1080,.T.);
#744=ORIENTED_EDGE('',*,*,#868,.T.);
#745=ORIENTED_EDGE('',*,*,#1081,.T.);
#746=ORIENTED_EDGE('',*,*,#956,.F.);
#747=ORIENTED_EDGE('',*,*,#1086,.T.);
#748=ORIENTED_EDGE('',*,*,#870,.T.);
#749=ORIENTED_EDGE('',*,*,#1079,.T.);
#750=ORIENTED_EDGE('',*,*,#954,.F.);
#751=ORIENTED_EDGE('',*,*,#947,.T.);
#752=ORIENTED_EDGE('',*,*,#1087,.F.);
#753=ORIENTED_EDGE('',*,*,#861,.F.);
#754=ORIENTED_EDGE('',*,*,#1088,.F.);
#755=ORIENTED_EDGE('',*,*,#941,.T.);
#756=ORIENTED_EDGE('',*,*,#1089,.F.);
#757=ORIENTED_EDGE('',*,*,#859,.F.);
#758=ORIENTED_EDGE('',*,*,#1090,.F.);
#759=ORIENTED_EDGE('',*,*,#1091,.F.);
#760=ORIENTED_EDGE('',*,*,#857,.T.);
#761=ORIENTED_EDGE('',*,*,#1092,.F.);
#762=ORIENTED_EDGE('',*,*,#943,.F.);
#763=ORIENTED_EDGE('',*,*,#945,.T.);
#764=ORIENTED_EDGE('',*,*,#1093,.F.);
#765=ORIENTED_EDGE('',*,*,#863,.F.);
#766=ORIENTED_EDGE('',*,*,#1094,.F.);
#767=ORIENTED_EDGE('',*,*,#1092,.T.);
#768=ORIENTED_EDGE('',*,*,#856,.T.);
#769=ORIENTED_EDGE('',*,*,#1093,.T.);
#770=ORIENTED_EDGE('',*,*,#944,.F.);
#771=ORIENTED_EDGE('',*,*,#1090,.T.);
#772=ORIENTED_EDGE('',*,*,#858,.T.);
#773=ORIENTED_EDGE('',*,*,#1091,.T.);
#774=ORIENTED_EDGE('',*,*,#942,.F.);
#775=ORIENTED_EDGE('',*,*,#1088,.T.);
#776=ORIENTED_EDGE('',*,*,#860,.T.);
#777=ORIENTED_EDGE('',*,*,#1089,.T.);
#778=ORIENTED_EDGE('',*,*,#948,.F.);
#779=ORIENTED_EDGE('',*,*,#1094,.T.);
#780=ORIENTED_EDGE('',*,*,#862,.T.);
#781=ORIENTED_EDGE('',*,*,#1087,.T.);
#782=ORIENTED_EDGE('',*,*,#946,.F.);
#783=ORIENTED_EDGE('',*,*,#939,.T.);
#784=ORIENTED_EDGE('',*,*,#1095,.F.);
#785=ORIENTED_EDGE('',*,*,#853,.F.);
#786=ORIENTED_EDGE('',*,*,#1096,.F.);
#787=ORIENTED_EDGE('',*,*,#1097,.F.);
#788=ORIENTED_EDGE('',*,*,#851,.T.);
#789=ORIENTED_EDGE('',*,*,#1098,.F.);
#790=ORIENTED_EDGE('',*,*,#933,.F.);
#791=ORIENTED_EDGE('',*,*,#1099,.F.);
#792=ORIENTED_EDGE('',*,*,#849,.T.);
#793=ORIENTED_EDGE('',*,*,#1100,.F.);
#794=ORIENTED_EDGE('',*,*,#935,.F.);
#795=ORIENTED_EDGE('',*,*,#937,.T.);
#796=ORIENTED_EDGE('',*,*,#1101,.F.);
#797=ORIENTED_EDGE('',*,*,#855,.F.);
#798=ORIENTED_EDGE('',*,*,#1102,.F.);
#799=ORIENTED_EDGE('',*,*,#1100,.T.);
#800=ORIENTED_EDGE('',*,*,#848,.T.);
#801=ORIENTED_EDGE('',*,*,#1101,.T.);
#802=ORIENTED_EDGE('',*,*,#936,.F.);
#803=ORIENTED_EDGE('',*,*,#1098,.T.);
#804=ORIENTED_EDGE('',*,*,#850,.T.);
#805=ORIENTED_EDGE('',*,*,#1099,.T.);
#806=ORIENTED_EDGE('',*,*,#934,.F.);
#807=ORIENTED_EDGE('',*,*,#1096,.T.);
#808=ORIENTED_EDGE('',*,*,#852,.T.);
#809=ORIENTED_EDGE('',*,*,#1097,.T.);
#810=ORIENTED_EDGE('',*,*,#940,.F.);
#811=ORIENTED_EDGE('',*,*,#1102,.T.);
#812=ORIENTED_EDGE('',*,*,#854,.T.);
#813=ORIENTED_EDGE('',*,*,#1095,.T.);
#814=ORIENTED_EDGE('',*,*,#938,.F.);
#815=ORIENTED_EDGE('',*,*,#1017,.F.);
#816=ORIENTED_EDGE('',*,*,#1103,.T.);
#817=ORIENTED_EDGE('',*,*,#843,.F.);
#818=ORIENTED_EDGE('',*,*,#842,.T.);
#819=ORIENTED_EDGE('',*,*,#1025,.F.);
#820=ORIENTED_EDGE('',*,*,#1104,.T.);
#821=ORIENTED_EDGE('',*,*,#1105,.T.);
#822=ORIENTED_EDGE('',*,*,#1016,.F.);
#823=ORIENTED_EDGE('',*,*,#846,.T.);
#824=ORIENTED_EDGE('',*,*,#1106,.T.);
#825=ORIENTED_EDGE('',*,*,#1105,.F.);
#826=ORIENTED_EDGE('',*,*,#1107,.T.);
#827=ORIENTED_EDGE('',*,*,#1103,.F.);
#828=ORIENTED_EDGE('',*,*,#1106,.F.);
#829=ORIENTED_EDGE('',*,*,#845,.F.);
#830=ORIENTED_EDGE('',*,*,#838,.F.);
#831=ORIENTED_EDGE('',*,*,#844,.F.);
#832=ORIENTED_EDGE('',*,*,#1024,.F.);
#833=ORIENTED_EDGE('',*,*,#840,.F.);
#834=ORIENTED_EDGE('',*,*,#847,.F.);
#835=ORIENTED_EDGE('',*,*,#1107,.F.);
#836=ORIENTED_EDGE('',*,*,#1104,.F.);
#837=EDGE_CURVE('',#1108,#1109,#1295,.T.);
#838=EDGE_CURVE('',#1108,#1110,#47,.F.);
#839=EDGE_CURVE('',#1110,#1111,#1296,.T.);
#840=EDGE_CURVE('',#1111,#1112,#48,.T.);
#841=EDGE_CURVE('',#1113,#1112,#1297,.T.);
#842=EDGE_CURVE('',#1109,#1113,#41,.T.);
#843=EDGE_CURVE('',#1109,#1114,#49,.T.);
#844=EDGE_CURVE('',#1114,#1108,#1298,.T.);
#845=EDGE_CURVE('',#1110,#1115,#1299,.T.);
#846=EDGE_CURVE('',#1116,#1115,#1300,.T.);
#847=EDGE_CURVE('',#1116,#1111,#1301,.T.);
#848=EDGE_CURVE('',#1117,#1118,#1302,.T.);
#849=EDGE_CURVE('',#1119,#1117,#50,.T.);
#850=EDGE_CURVE('',#1120,#1119,#1303,.T.);
#851=EDGE_CURVE('',#1121,#1120,#1304,.T.);
#852=EDGE_CURVE('',#1122,#1121,#1305,.T.);
#853=EDGE_CURVE('',#1122,#1123,#51,.T.);
#854=EDGE_CURVE('',#1124,#1123,#1306,.T.);
#855=EDGE_CURVE('',#1124,#1118,#1307,.T.);
#856=EDGE_CURVE('',#1125,#1126,#1308,.T.);
#857=EDGE_CURVE('',#1127,#1125,#52,.T.);
#858=EDGE_CURVE('',#1128,#1127,#1309,.T.);
#859=EDGE_CURVE('',#1128,#1129,#1310,.T.);
#860=EDGE_CURVE('',#1130,#1129,#1311,.T.);
#861=EDGE_CURVE('',#1130,#1131,#53,.T.);
#862=EDGE_CURVE('',#1132,#1131,#1312,.T.);
#863=EDGE_CURVE('',#1132,#1126,#1313,.T.);
#864=EDGE_CURVE('',#1133,#1134,#1314,.T.);
#865=EDGE_CURVE('',#1133,#1135,#1315,.T.);
#866=EDGE_CURVE('',#1136,#1135,#1316,.T.);
#867=EDGE_CURVE('',#1137,#1136,#54,.T.);
#868=EDGE_CURVE('',#1138,#1137,#1317,.T.);
#869=EDGE_CURVE('',#1138,#1139,#1318,.T.);
#870=EDGE_CURVE('',#1140,#1139,#1319,.T.);
#871=EDGE_CURVE('',#1140,#1134,#55,.T.);
#872=EDGE_CURVE('',#1141,#1142,#1320,.T.);
#873=EDGE_CURVE('',#1141,#1143,#1321,.T.);
#874=EDGE_CURVE('',#1144,#1143,#1322,.T.);
#875=EDGE_CURVE('',#1145,#1144,#56,.T.);
#876=EDGE_CURVE('',#1146,#1145,#1323,.T.);
#877=EDGE_CURVE('',#1147,#1146,#1324,.T.);
#878=EDGE_CURVE('',#1148,#1147,#1325,.T.);
#879=EDGE_CURVE('',#1148,#1142,#57,.T.);
#880=EDGE_CURVE('',#1149,#1150,#1326,.T.);
#881=EDGE_CURVE('',#1151,#1149,#58,.T.);
#882=EDGE_CURVE('',#1152,#1151,#1327,.T.);
#883=EDGE_CURVE('',#1153,#1152,#1328,.T.);
#884=EDGE_CURVE('',#1154,#1153,#1329,.T.);
#885=EDGE_CURVE('',#1154,#1155,#59,.T.);
#886=EDGE_CURVE('',#1156,#1155,#1330,.T.);
#887=EDGE_CURVE('',#1156,#1150,#1331,.T.);
#888=EDGE_CURVE('',#1157,#1158,#60,.T.);
#889=EDGE_CURVE('',#1159,#1157,#1332,.T.);
#890=EDGE_CURVE('',#1160,#1159,#1333,.T.);
#891=EDGE_CURVE('',#1161,#1160,#1334,.T.);
#892=EDGE_CURVE('',#1161,#1162,#61,.T.);
#893=EDGE_CURVE('',#1163,#1162,#1335,.T.);
#894=EDGE_CURVE('',#1163,#1164,#1336,.T.);
#895=EDGE_CURVE('',#1158,#1164,#1337,.T.);
#896=EDGE_CURVE('',#1165,#1166,#62,.T.);
#897=EDGE_CURVE('',#1167,#1165,#1338,.T.);
#898=EDGE_CURVE('',#1168,#1167,#1339,.T.);
#899=EDGE_CURVE('',#1169,#1168,#1340,.T.);
#900=EDGE_CURVE('',#1169,#1170,#63,.T.);
#901=EDGE_CURVE('',#1171,#1170,#1341,.T.);
#902=EDGE_CURVE('',#1171,#1172,#1342,.T.);
#903=EDGE_CURVE('',#1166,#1172,#1343,.T.);
#904=EDGE_CURVE('',#1173,#1174,#1344,.T.);
#905=EDGE_CURVE('',#1175,#1173,#1345,.T.);
#906=EDGE_CURVE('',#1175,#1176,#64,.T.);
#907=EDGE_CURVE('',#1177,#1176,#1346,.T.);
#908=EDGE_CURVE('',#1177,#1178,#1347,.T.);
#909=EDGE_CURVE('',#1179,#1178,#1348,.T.);
#910=EDGE_CURVE('',#1180,#1179,#65,.T.);
#911=EDGE_CURVE('',#1174,#1180,#1349,.T.);
#912=EDGE_CURVE('',#1181,#1181,#1350,.T.);
#913=EDGE_CURVE('',#1182,#1182,#1351,.T.);
#914=EDGE_CURVE('',#1183,#1183,#1352,.T.);
#915=EDGE_CURVE('',#1184,#1185,#1353,.T.);
#916=EDGE_CURVE('',#1185,#1186,#66,.T.);
#917=EDGE_CURVE('',#1186,#1187,#1354,.T.);
#918=EDGE_CURVE('',#1184,#1187,#67,.T.);
#919=EDGE_CURVE('',#1188,#1188,#1355,.T.);
#920=EDGE_CURVE('',#1189,#1189,#1356,.T.);
#921=EDGE_CURVE('',#1190,#1190,#1357,.T.);
#922=EDGE_CURVE('',#1191,#1191,#1358,.T.);
#923=EDGE_CURVE('',#1192,#1193,#1359,.T.);
#924=EDGE_CURVE('',#1192,#1194,#1360,.T.);
#925=EDGE_CURVE('',#1195,#1194,#1361,.T.);
#926=EDGE_CURVE('',#1195,#1196,#1362,.T.);
#927=EDGE_CURVE('',#1197,#1196,#1363,.T.);
#928=EDGE_CURVE('',#1198,#1197,#68,.T.);
#929=EDGE_CURVE('',#1199,#1198,#1364,.T.);
#930=EDGE_CURVE('',#1200,#1199,#1365,.T.);
#931=EDGE_CURVE('',#1201,#1200,#1366,.T.);
#932=EDGE_CURVE('',#1201,#1193,#69,.T.);
#933=EDGE_CURVE('',#1202,#1203,#1367,.T.);
#934=EDGE_CURVE('',#1203,#1204,#1368,.T.);
#935=EDGE_CURVE('',#1204,#1205,#70,.T.);
#936=EDGE_CURVE('',#1205,#1206,#1369,.T.);
#937=EDGE_CURVE('',#1207,#1206,#1370,.T.);
#938=EDGE_CURVE('',#1207,#1208,#1371,.T.);
#939=EDGE_CURVE('',#1209,#1208,#71,.T.);
#940=EDGE_CURVE('',#1209,#1202,#1372,.T.);
#941=EDGE_CURVE('',#1210,#1211,#1373,.T.);
#942=EDGE_CURVE('',#1210,#1212,#1374,.T.);
#943=EDGE_CURVE('',#1212,#1213,#72,.T.);
#944=EDGE_CURVE('',#1213,#1214,#1375,.T.);
#945=EDGE_CURVE('',#1215,#1214,#1376,.T.);
#946=EDGE_CURVE('',#1215,#1216,#1377,.T.);
#947=EDGE_CURVE('',#1217,#1216,#73,.T.);
#948=EDGE_CURVE('',#1217,#1211,#1378,.T.);
#949=EDGE_CURVE('',#1218,#1219,#74,.T.);
#950=EDGE_CURVE('',#1219,#1220,#1379,.T.);
#951=EDGE_CURVE('',#1221,#1220,#1380,.T.);
#952=EDGE_CURVE('',#1221,#1222,#1381,.T.);
#953=EDGE_CURVE('',#1223,#1222,#75,.T.);
#954=EDGE_CURVE('',#1223,#1224,#1382,.T.);
#955=EDGE_CURVE('',#1225,#1224,#1383,.T.);
#956=EDGE_CURVE('',#1225,#1218,#1384,.T.);
#957=EDGE_CURVE('',#1226,#1227,#76,.T.);
#958=EDGE_CURVE('',#1227,#1228,#1385,.T.);
#959=EDGE_CURVE('',#1229,#1228,#1386,.T.);
#960=EDGE_CURVE('',#1229,#1230,#1387,.T.);
#961=EDGE_CURVE('',#1231,#1230,#77,.T.);
#962=EDGE_CURVE('',#1231,#1232,#1388,.T.);
#963=EDGE_CURVE('',#1232,#1233,#1389,.T.);
#964=EDGE_CURVE('',#1233,#1226,#1390,.T.);
#965=EDGE_CURVE('',#1234,#1235,#1391,.T.);
#966=EDGE_CURVE('',#1235,#1236,#1392,.T.);
#967=EDGE_CURVE('',#1236,#1237,#78,.T.);
#968=EDGE_CURVE('',#1237,#1238,#1393,.T.);
#969=EDGE_CURVE('',#1239,#1238,#1394,.T.);
#970=EDGE_CURVE('',#1239,#1240,#1395,.T.);
#971=EDGE_CURVE('',#1241,#1240,#79,.T.);
#972=EDGE_CURVE('',#1241,#1234,#1396,.T.);
#973=EDGE_CURVE('',#1242,#1242,#1397,.T.);
#974=EDGE_CURVE('',#1243,#1243,#1398,.T.);
#975=EDGE_CURVE('',#1244,#1244,#1399,.T.);
#976=EDGE_CURVE('',#1245,#1246,#80,.T.);
#977=EDGE_CURVE('',#1245,#1247,#1400,.T.);
#978=EDGE_CURVE('',#1247,#1248,#81,.T.);
#979=EDGE_CURVE('',#1246,#1248,#1401,.T.);
#980=EDGE_CURVE('',#1249,#1249,#1402,.T.);
#981=EDGE_CURVE('',#1250,#1251,#1403,.T.);
#982=EDGE_CURVE('',#1252,#1250,#1404,.T.);
#983=EDGE_CURVE('',#1253,#1252,#1405,.T.);
#984=EDGE_CURVE('',#1254,#1253,#82,.T.);
#985=EDGE_CURVE('',#1255,#1254,#1406,.T.);
#986=EDGE_CURVE('',#1255,#1256,#1407,.T.);
#987=EDGE_CURVE('',#1257,#1256,#1408,.T.);
#988=EDGE_CURVE('',#1257,#1251,#83,.T.);
#989=EDGE_CURVE('',#1258,#1259,#1409,.T.);
#990=EDGE_CURVE('',#1260,#1258,#84,.T.);
#991=EDGE_CURVE('',#1261,#1260,#1410,.T.);
#992=EDGE_CURVE('',#1261,#1262,#1411,.T.);
#993=EDGE_CURVE('',#1263,#1262,#1412,.T.);
#994=EDGE_CURVE('',#1263,#1264,#85,.T.);
#995=EDGE_CURVE('',#1265,#1264,#1413,.T.);
#996=EDGE_CURVE('',#1259,#1265,#1414,.T.);
#997=EDGE_CURVE('',#1266,#1267,#1415,.T.);
#998=EDGE_CURVE('',#1268,#1266,#86,.T.);
#999=EDGE_CURVE('',#1269,#1268,#1416,.T.);
#1000=EDGE_CURVE('',#1269,#1270,#1417,.T.);
#1001=EDGE_CURVE('',#1271,#1270,#1418,.T.);
#1002=EDGE_CURVE('',#1271,#1272,#87,.T.);
#1003=EDGE_CURVE('',#1273,#1272,#1419,.T.);
#1004=EDGE_CURVE('',#1267,#1273,#1420,.T.);
#1005=EDGE_CURVE('',#1274,#1275,#1421,.T.);
#1006=EDGE_CURVE('',#1274,#1276,#1422,.T.);
#1007=EDGE_CURVE('',#1277,#1276,#1423,.T.);
#1008=EDGE_CURVE('',#1277,#1278,#1424,.T.);
#1009=EDGE_CURVE('',#1279,#1278,#88,.T.);
#1010=EDGE_CURVE('',#1279,#1280,#1425,.T.);
#1011=EDGE_CURVE('',#1280,#1281,#1426,.T.);
#1012=EDGE_CURVE('',#1281,#1282,#1427,.T.);
#1013=EDGE_CURVE('',#1282,#1283,#89,.T.);
#1014=EDGE_CURVE('',#1283,#1275,#1428,.T.);
#1015=EDGE_CURVE('',#1284,#1284,#1429,.T.);
#1016=EDGE_CURVE('',#1285,#1285,#42,.T.);
#1017=EDGE_CURVE('',#1286,#1286,#43,.T.);
#1018=EDGE_CURVE('',#1184,#1247,#90,.T.);
#1019=EDGE_CURVE('',#1185,#1245,#91,.T.);
#1020=EDGE_CURVE('',#1287,#1287,#1430,.F.);
#1021=EDGE_CURVE('',#1186,#1246,#92,.T.);
#1022=EDGE_CURVE('',#1187,#1248,#93,.T.);
#1023=EDGE_CURVE('',#1288,#1288,#1431,.T.);
#1024=EDGE_CURVE('',#1112,#1289,#1432,.T.);
#1025=EDGE_CURVE('',#1289,#1113,#94,.F.);
#1026=EDGE_CURVE('',#1290,#1290,#1433,.T.);
#1027=EDGE_CURVE('',#1291,#1291,#1434,.T.);
#1028=EDGE_CURVE('',#1292,#1292,#1435,.T.);
#1029=EDGE_CURVE('',#1174,#1252,#95,.T.);
#1030=EDGE_CURVE('',#1173,#1250,#96,.T.);
#1031=EDGE_CURVE('',#1175,#1251,#97,.T.);
#1032=EDGE_CURVE('',#1176,#1257,#98,.T.);
#1033=EDGE_CURVE('',#1177,#1256,#99,.T.);
#1034=EDGE_CURVE('',#1178,#1255,#100,.T.);
#1035=EDGE_CURVE('',#1179,#1254,#101,.T.);
#1036=EDGE_CURVE('',#1180,#1253,#102,.T.);
#1037=EDGE_CURVE('',#1166,#1260,#103,.T.);
#1038=EDGE_CURVE('',#1165,#1258,#104,.T.);
#1039=EDGE_CURVE('',#1167,#1259,#105,.T.);
#1040=EDGE_CURVE('',#1168,#1265,#106,.T.);
#1041=EDGE_CURVE('',#1169,#1264,#107,.T.);
#1042=EDGE_CURVE('',#1170,#1263,#108,.T.);
#1043=EDGE_CURVE('',#1171,#1262,#109,.T.);
#1044=EDGE_CURVE('',#1172,#1261,#110,.T.);
#1045=EDGE_CURVE('',#1158,#1268,#111,.T.);
#1046=EDGE_CURVE('',#1157,#1266,#112,.T.);
#1047=EDGE_CURVE('',#1159,#1267,#113,.T.);
#1048=EDGE_CURVE('',#1160,#1273,#114,.T.);
#1049=EDGE_CURVE('',#1161,#1272,#115,.T.);
#1050=EDGE_CURVE('',#1162,#1271,#116,.T.);
#1051=EDGE_CURVE('',#1163,#1270,#117,.T.);
#1052=EDGE_CURVE('',#1164,#1269,#118,.T.);
#1053=EDGE_CURVE('',#1196,#1275,#119,.F.);
#1054=EDGE_CURVE('',#1274,#1195,#120,.T.);
#1055=EDGE_CURVE('',#1198,#1282,#121,.F.);
#1056=EDGE_CURVE('',#1283,#1197,#122,.F.);
#1057=EDGE_CURVE('',#1194,#1276,#123,.F.);
#1058=EDGE_CURVE('',#1277,#1192,#124,.T.);
#1059=EDGE_CURVE('',#1200,#1280,#125,.F.);
#1060=EDGE_CURVE('',#1281,#1199,#126,.T.);
#1061=EDGE_CURVE('',#1193,#1278,#127,.F.);
#1062=EDGE_CURVE('',#1279,#1201,#128,.F.);
#1063=EDGE_CURVE('',#1150,#1238,#129,.F.);
#1064=EDGE_CURVE('',#1239,#1156,#130,.T.);
#1065=EDGE_CURVE('',#1155,#1240,#131,.F.);
#1066=EDGE_CURVE('',#1241,#1154,#132,.F.);
#1067=EDGE_CURVE('',#1153,#1234,#133,.F.);
#1068=EDGE_CURVE('',#1235,#1152,#134,.T.);
#1069=EDGE_CURVE('',#1151,#1236,#135,.F.);
#1070=EDGE_CURVE('',#1237,#1149,#136,.F.);
#1071=EDGE_CURVE('',#1147,#1232,#137,.F.);
#1072=EDGE_CURVE('',#1233,#1146,#138,.T.);
#1073=EDGE_CURVE('',#1145,#1226,#139,.F.);
#1074=EDGE_CURVE('',#1227,#1144,#140,.F.);
#1075=EDGE_CURVE('',#1143,#1228,#141,.F.);
#1076=EDGE_CURVE('',#1229,#1141,#142,.T.);
#1077=EDGE_CURVE('',#1142,#1230,#143,.F.);
#1078=EDGE_CURVE('',#1231,#1148,#144,.F.);
#1079=EDGE_CURVE('',#1139,#1224,#145,.F.);
#1080=EDGE_CURVE('',#1225,#1138,#146,.T.);
#1081=EDGE_CURVE('',#1137,#1218,#147,.T.);
#1082=EDGE_CURVE('',#1219,#1136,#148,.F.);
#1083=EDGE_CURVE('',#1135,#1220,#149,.F.);
#1084=EDGE_CURVE('',#1221,#1133,#150,.T.);
#1085=EDGE_CURVE('',#1134,#1222,#151,.F.);
#1086=EDGE_CURVE('',#1223,#1140,#152,.T.);
#1087=EDGE_CURVE('',#1131,#1216,#153,.F.);
#1088=EDGE_CURVE('',#1217,#1130,#154,.T.);
#1089=EDGE_CURVE('',#1129,#1211,#155,.F.);
#1090=EDGE_CURVE('',#1210,#1128,#156,.T.);
#1091=EDGE_CURVE('',#1127,#1212,#157,.T.);
#1092=EDGE_CURVE('',#1213,#1125,#158,.F.);
#1093=EDGE_CURVE('',#1126,#1214,#159,.F.);
#1094=EDGE_CURVE('',#1215,#1132,#160,.T.);
#1095=EDGE_CURVE('',#1123,#1208,#161,.F.);
#1096=EDGE_CURVE('',#1209,#1122,#162,.F.);
#1097=EDGE_CURVE('',#1121,#1202,#163,.F.);
#1098=EDGE_CURVE('',#1203,#1120,#164,.T.);
#1099=EDGE_CURVE('',#1119,#1204,#165,.F.);
#1100=EDGE_CURVE('',#1205,#1117,#166,.F.);
#1101=EDGE_CURVE('',#1118,#1206,#167,.F.);
#1102=EDGE_CURVE('',#1207,#1124,#168,.T.);
#1103=EDGE_CURVE('',#1293,#1114,#44,.T.);
#1104=EDGE_CURVE('',#1289,#1294,#45,.T.);
#1105=EDGE_CURVE('',#1294,#1293,#46,.T.);
#1106=EDGE_CURVE('',#1115,#1293,#169,.F.);
#1107=EDGE_CURVE('',#1294,#1116,#170,.T.);
#1108=VERTEX_POINT('',#2760);
#1109=VERTEX_POINT('',#2761);
#1110=VERTEX_POINT('',#2763);
#1111=VERTEX_POINT('',#2765);
#1112=VERTEX_POINT('',#2767);
#1113=VERTEX_POINT('',#2769);
#1114=VERTEX_POINT('',#2781);
#1115=VERTEX_POINT('',#2785);
#1116=VERTEX_POINT('',#2787);
#1117=VERTEX_POINT('',#2790);
#1118=VERTEX_POINT('',#2791);
#1119=VERTEX_POINT('',#2793);
#1120=VERTEX_POINT('',#2795);
#1121=VERTEX_POINT('',#2797);
#1122=VERTEX_POINT('',#2799);
#1123=VERTEX_POINT('',#2801);
#1124=VERTEX_POINT('',#2803);
#1125=VERTEX_POINT('',#2806);
#1126=VERTEX_POINT('',#2807);
#1127=VERTEX_POINT('',#2809);
#1128=VERTEX_POINT('',#2811);
#1129=VERTEX_POINT('',#2813);
#1130=VERTEX_POINT('',#2815);
#1131=VERTEX_POINT('',#2817);
#1132=VERTEX_POINT('',#2819);
#1133=VERTEX_POINT('',#2822);
#1134=VERTEX_POINT('',#2823);
#1135=VERTEX_POINT('',#2825);
#1136=VERTEX_POINT('',#2827);
#1137=VERTEX_POINT('',#2829);
#1138=VERTEX_POINT('',#2831);
#1139=VERTEX_POINT('',#2833);
#1140=VERTEX_POINT('',#2835);
#1141=VERTEX_POINT('',#2838);
#1142=VERTEX_POINT('',#2839);
#1143=VERTEX_POINT('',#2841);
#1144=VERTEX_POINT('',#2843);
#1145=VERTEX_POINT('',#2845);
#1146=VERTEX_POINT('',#2847);
#1147=VERTEX_POINT('',#2849);
#1148=VERTEX_POINT('',#2851);
#1149=VERTEX_POINT('',#2854);
#1150=VERTEX_POINT('',#2855);
#1151=VERTEX_POINT('',#2857);
#1152=VERTEX_POINT('',#2859);
#1153=VERTEX_POINT('',#2861);
#1154=VERTEX_POINT('',#2863);
#1155=VERTEX_POINT('',#2865);
#1156=VERTEX_POINT('',#2867);
#1157=VERTEX_POINT('',#2870);
#1158=VERTEX_POINT('',#2871);
#1159=VERTEX_POINT('',#2873);
#1160=VERTEX_POINT('',#2875);
#1161=VERTEX_POINT('',#2877);
#1162=VERTEX_POINT('',#2879);
#1163=VERTEX_POINT('',#2881);
#1164=VERTEX_POINT('',#2883);
#1165=VERTEX_POINT('',#2886);
#1166=VERTEX_POINT('',#2887);
#1167=VERTEX_POINT('',#2889);
#1168=VERTEX_POINT('',#2891);
#1169=VERTEX_POINT('',#2893);
#1170=VERTEX_POINT('',#2895);
#1171=VERTEX_POINT('',#2897);
#1172=VERTEX_POINT('',#2899);
#1173=VERTEX_POINT('',#2902);
#1174=VERTEX_POINT('',#2903);
#1175=VERTEX_POINT('',#2905);
#1176=VERTEX_POINT('',#2907);
#1177=VERTEX_POINT('',#2909);
#1178=VERTEX_POINT('',#2911);
#1179=VERTEX_POINT('',#2913);
#1180=VERTEX_POINT('',#2915);
#1181=VERTEX_POINT('',#2918);
#1182=VERTEX_POINT('',#2920);
#1183=VERTEX_POINT('',#2922);
#1184=VERTEX_POINT('',#2924);
#1185=VERTEX_POINT('',#2925);
#1186=VERTEX_POINT('',#2927);
#1187=VERTEX_POINT('',#2929);
#1188=VERTEX_POINT('',#2932);
#1189=VERTEX_POINT('',#2934);
#1190=VERTEX_POINT('',#2936);
#1191=VERTEX_POINT('',#2938);
#1192=VERTEX_POINT('',#2940);
#1193=VERTEX_POINT('',#2941);
#1194=VERTEX_POINT('',#2943);
#1195=VERTEX_POINT('',#2945);
#1196=VERTEX_POINT('',#2947);
#1197=VERTEX_POINT('',#2949);
#1198=VERTEX_POINT('',#2951);
#1199=VERTEX_POINT('',#2953);
#1200=VERTEX_POINT('',#2955);
#1201=VERTEX_POINT('',#2957);
#1202=VERTEX_POINT('',#2961);
#1203=VERTEX_POINT('',#2962);
#1204=VERTEX_POINT('',#2964);
#1205=VERTEX_POINT('',#2966);
#1206=VERTEX_POINT('',#2968);
#1207=VERTEX_POINT('',#2970);
#1208=VERTEX_POINT('',#2972);
#1209=VERTEX_POINT('',#2974);
#1210=VERTEX_POINT('',#2977);
#1211=VERTEX_POINT('',#2978);
#1212=VERTEX_POINT('',#2980);
#1213=VERTEX_POINT('',#2982);
#1214=VERTEX_POINT('',#2984);
#1215=VERTEX_POINT('',#2986);
#1216=VERTEX_POINT('',#2988);
#1217=VERTEX_POINT('',#2990);
#1218=VERTEX_POINT('',#2993);
#1219=VERTEX_POINT('',#2994);
#1220=VERTEX_POINT('',#2996);
#1221=VERTEX_POINT('',#2998);
#1222=VERTEX_POINT('',#3000);
#1223=VERTEX_POINT('',#3002);
#1224=VERTEX_POINT('',#3004);
#1225=VERTEX_POINT('',#3006);
#1226=VERTEX_POINT('',#3009);
#1227=VERTEX_POINT('',#3010);
#1228=VERTEX_POINT('',#3012);
#1229=VERTEX_POINT('',#3014);
#1230=VERTEX_POINT('',#3016);
#1231=VERTEX_POINT('',#3018);
#1232=VERTEX_POINT('',#3020);
#1233=VERTEX_POINT('',#3022);
#1234=VERTEX_POINT('',#3025);
#1235=VERTEX_POINT('',#3026);
#1236=VERTEX_POINT('',#3028);
#1237=VERTEX_POINT('',#3030);
#1238=VERTEX_POINT('',#3032);
#1239=VERTEX_POINT('',#3034);
#1240=VERTEX_POINT('',#3036);
#1241=VERTEX_POINT('',#3038);
#1242=VERTEX_POINT('',#3041);
#1243=VERTEX_POINT('',#3043);
#1244=VERTEX_POINT('',#3045);
#1245=VERTEX_POINT('',#3047);
#1246=VERTEX_POINT('',#3048);
#1247=VERTEX_POINT('',#3050);
#1248=VERTEX_POINT('',#3052);
#1249=VERTEX_POINT('',#3055);
#1250=VERTEX_POINT('',#3057);
#1251=VERTEX_POINT('',#3058);
#1252=VERTEX_POINT('',#3060);
#1253=VERTEX_POINT('',#3062);
#1254=VERTEX_POINT('',#3064);
#1255=VERTEX_POINT('',#3066);
#1256=VERTEX_POINT('',#3068);
#1257=VERTEX_POINT('',#3070);
#1258=VERTEX_POINT('',#3073);
#1259=VERTEX_POINT('',#3074);
#1260=VERTEX_POINT('',#3076);
#1261=VERTEX_POINT('',#3078);
#1262=VERTEX_POINT('',#3080);
#1263=VERTEX_POINT('',#3082);
#1264=VERTEX_POINT('',#3084);
#1265=VERTEX_POINT('',#3086);
#1266=VERTEX_POINT('',#3089);
#1267=VERTEX_POINT('',#3090);
#1268=VERTEX_POINT('',#3092);
#1269=VERTEX_POINT('',#3094);
#1270=VERTEX_POINT('',#3096);
#1271=VERTEX_POINT('',#3098);
#1272=VERTEX_POINT('',#3100);
#1273=VERTEX_POINT('',#3102);
#1274=VERTEX_POINT('',#3105);
#1275=VERTEX_POINT('',#3106);
#1276=VERTEX_POINT('',#3108);
#1277=VERTEX_POINT('',#3110);
#1278=VERTEX_POINT('',#3112);
#1279=VERTEX_POINT('',#3114);
#1280=VERTEX_POINT('',#3116);
#1281=VERTEX_POINT('',#3118);
#1282=VERTEX_POINT('',#3120);
#1283=VERTEX_POINT('',#3122);
#1284=VERTEX_POINT('',#3126);
#1285=VERTEX_POINT('',#3139);
#1286=VERTEX_POINT('',#3151);
#1287=VERTEX_POINT('',#3155);
#1288=VERTEX_POINT('',#3166);
#1289=VERTEX_POINT('',#3170);
#1290=VERTEX_POINT('',#3175);
#1291=VERTEX_POINT('',#3179);
#1292=VERTEX_POINT('',#3183);
#1293=VERTEX_POINT('',#3339);
#1294=VERTEX_POINT('',#3345);
#1295=CIRCLE('',#1909,0.0141499999999997);
#1296=CIRCLE('',#1910,0.0141499999999997);
#1297=CIRCLE('',#1911,0.0141499999999997);
#1298=CIRCLE('',#1913,0.00385818818726464);
#1299=CIRCLE('',#1915,0.00385818818726464);
#1300=CIRCLE('',#1916,0.00342223814743609);
#1301=CIRCLE('',#1917,0.00385818818726464);
#1302=CIRCLE('',#1918,0.00508);
#1303=CIRCLE('',#1919,0.00508);
#1304=CIRCLE('',#1920,0.117448537559035);
#1305=CIRCLE('',#1921,0.00508);
#1306=CIRCLE('',#1922,0.00508);
#1307=CIRCLE('',#1923,0.0785537866401423);
#1308=CIRCLE('',#1924,0.00508);
#1309=CIRCLE('',#1925,0.00508);
#1310=CIRCLE('',#1926,0.026115);
#1311=CIRCLE('',#1927,0.00508);
#1312=CIRCLE('',#1928,0.00508);
#1313=CIRCLE('',#1929,0.123798537559035);
#1314=CIRCLE('',#1930,0.00508);
#1315=CIRCLE('',#1931,0.123798537559034);
#1316=CIRCLE('',#1932,0.00508);
#1317=CIRCLE('',#1933,0.00508);
#1318=CIRCLE('',#1934,0.026115);
#1319=CIRCLE('',#1935,0.00508);
#1320=CIRCLE('',#1936,0.00508);
#1321=CIRCLE('',#1937,0.0785537866401427);
#1322=CIRCLE('',#1938,0.00508);
#1323=CIRCLE('',#1939,0.00508);
#1324=CIRCLE('',#1940,0.117448537559034);
#1325=CIRCLE('',#1941,0.00508);
#1326=CIRCLE('',#1942,0.00508);
#1327=CIRCLE('',#1943,0.00508);
#1328=CIRCLE('',#1944,0.0722037866401423);
#1329=CIRCLE('',#1945,0.00508);
#1330=CIRCLE('',#1946,0.00508);
#1331=CIRCLE('',#1947,0.0444499999999994);
#1332=CIRCLE('',#1948,0.00127);
#1333=CIRCLE('',#1949,0.0349249999999995);
#1334=CIRCLE('',#1950,0.00127);
#1335=CIRCLE('',#1951,0.00127);
#1336=CIRCLE('',#1952,0.0145414999999998);
#1337=CIRCLE('',#1953,0.00127);
#1338=CIRCLE('',#1954,0.00127);
#1339=CIRCLE('',#1955,0.0349249999999995);
#1340=CIRCLE('',#1956,0.00127);
#1341=CIRCLE('',#1957,0.00127);
#1342=CIRCLE('',#1958,0.0145414999999998);
#1343=CIRCLE('',#1959,0.00127);
#1344=CIRCLE('',#1960,0.0349249999999995);
#1345=CIRCLE('',#1961,0.00126999999999998);
#1346=CIRCLE('',#1962,0.00126999999999998);
#1347=CIRCLE('',#1963,0.0145414999999998);
#1348=CIRCLE('',#1964,0.00126999999999998);
#1349=CIRCLE('',#1965,0.00126999999999998);
#1350=CIRCLE('',#1966,0.00235);
#1351=CIRCLE('',#1967,0.00235);
#1352=CIRCLE('',#1968,0.00235);
#1353=CIRCLE('',#1969,0.0229399999999997);
#1354=CIRCLE('',#1970,0.0412749999999993);
#1355=CIRCLE('',#1971,0.008);
#1356=CIRCLE('',#1972,0.0017);
#1357=CIRCLE('',#1973,0.0017);
#1358=CIRCLE('',#1974,0.0017);
#1359=CIRCLE('',#1975,0.00508);
#1360=CIRCLE('',#1976,0.0444499999999994);
#1361=CIRCLE('',#1977,0.00508);
#1362=CIRCLE('',#1978,0.00805);
#1363=CIRCLE('',#1979,0.00508);
#1364=CIRCLE('',#1980,0.00508);
#1365=CIRCLE('',#1981,0.0722037866401428);
#1366=CIRCLE('',#1982,0.00508);
#1367=CIRCLE('',#1984,0.117448537559035);
#1368=CIRCLE('',#1985,0.00508);
#1369=CIRCLE('',#1986,0.00508);
#1370=CIRCLE('',#1987,0.0785537866401423);
#1371=CIRCLE('',#1988,0.00508);
#1372=CIRCLE('',#1989,0.00508);
#1373=CIRCLE('',#1990,0.026115);
#1374=CIRCLE('',#1991,0.00508);
#1375=CIRCLE('',#1992,0.00508);
#1376=CIRCLE('',#1993,0.123798537559035);
#1377=CIRCLE('',#1994,0.00508);
#1378=CIRCLE('',#1995,0.00508);
#1379=CIRCLE('',#1996,0.00508);
#1380=CIRCLE('',#1997,0.123798537559034);
#1381=CIRCLE('',#1998,0.00508);
#1382=CIRCLE('',#1999,0.00508);
#1383=CIRCLE('',#2000,0.026115);
#1384=CIRCLE('',#2001,0.00508);
#1385=CIRCLE('',#2002,0.00508);
#1386=CIRCLE('',#2003,0.0785537866401427);
#1387=CIRCLE('',#2004,0.00508);
#1388=CIRCLE('',#2005,0.00508);
#1389=CIRCLE('',#2006,0.117448537559034);
#1390=CIRCLE('',#2007,0.00508);
#1391=CIRCLE('',#2008,0.0722037866401423);
#1392=CIRCLE('',#2009,0.00508);
#1393=CIRCLE('',#2010,0.00508);
#1394=CIRCLE('',#2011,0.0444499999999994);
#1395=CIRCLE('',#2012,0.00508);
#1396=CIRCLE('',#2013,0.00508);
#1397=CIRCLE('',#2014,0.0017);
#1398=CIRCLE('',#2015,0.0017);
#1399=CIRCLE('',#2016,0.0017);
#1400=CIRCLE('',#2017,0.0229399999999997);
#1401=CIRCLE('',#2018,0.0412749999999993);
#1402=CIRCLE('',#2019,0.01);
#1403=CIRCLE('',#2020,0.00126999999999998);
#1404=CIRCLE('',#2021,0.0349249999999995);
#1405=CIRCLE('',#2022,0.00126999999999998);
#1406=CIRCLE('',#2023,0.00126999999999998);
#1407=CIRCLE('',#2024,0.0145414999999998);
#1408=CIRCLE('',#2025,0.00126999999999998);
#1409=CIRCLE('',#2026,0.00127);
#1410=CIRCLE('',#2027,0.00127);
#1411=CIRCLE('',#2028,0.0145414999999998);
#1412=CIRCLE('',#2029,0.00127);
#1413=CIRCLE('',#2030,0.00127);
#1414=CIRCLE('',#2031,0.0349249999999995);
#1415=CIRCLE('',#2032,0.00127);
#1416=CIRCLE('',#2033,0.00127);
#1417=CIRCLE('',#2034,0.0145414999999998);
#1418=CIRCLE('',#2035,0.00127);
#1419=CIRCLE('',#2036,0.00127);
#1420=CIRCLE('',#2037,0.0349249999999995);
#1421=CIRCLE('',#2038,0.00805);
#1422=CIRCLE('',#2039,0.00508);
#1423=CIRCLE('',#2040,0.0444499999999994);
#1424=CIRCLE('',#2041,0.00508);
#1425=CIRCLE('',#2042,0.00508);
#1426=CIRCLE('',#2043,0.0722037866401428);
#1427=CIRCLE('',#2044,0.00508);
#1428=CIRCLE('',#2045,0.00508);
#1429=CIRCLE('',#2047,0.008);
#1430=CIRCLE('',#2049,0.0229399999999997);
#1431=CIRCLE('',#2057,0.01);
#1432=CIRCLE('',#2060,0.00385818818726464);
#1433=CIRCLE('',#2063,0.00235);
#1434=CIRCLE('',#2066,0.00235);
#1435=CIRCLE('',#2069,0.00235);
#1436=EDGE_LOOP('',(#295,#296,#297,#298,#299,#300));
#1437=EDGE_LOOP('',(#301,#302,#303));
#1438=EDGE_LOOP('',(#304,#305,#306,#307));
#1439=EDGE_LOOP('',(#308,#309,#310,#311,#312,#313,#314,#315));
#1440=EDGE_LOOP('',(#316,#317,#318,#319,#320,#321,#322,#323));
#1441=EDGE_LOOP('',(#324,#325,#326,#327,#328,#329,#330,#331));
#1442=EDGE_LOOP('',(#332,#333,#334,#335,#336,#337,#338,#339));
#1443=EDGE_LOOP('',(#340,#341,#342,#343,#344,#345,#346,#347));
#1444=EDGE_LOOP('',(#348,#349,#350,#351,#352,#353,#354,#355));
#1445=EDGE_LOOP('',(#356,#357,#358,#359,#360,#361,#362,#363));
#1446=EDGE_LOOP('',(#364,#365,#366,#367,#368,#369,#370,#371));
#1447=EDGE_LOOP('',(#372));
#1448=EDGE_LOOP('',(#373));
#1449=EDGE_LOOP('',(#374));
#1450=EDGE_LOOP('',(#375,#376,#377,#378));
#1451=EDGE_LOOP('',(#379));
#1452=EDGE_LOOP('',(#380));
#1453=EDGE_LOOP('',(#381));
#1454=EDGE_LOOP('',(#382));
#1455=EDGE_LOOP('',(#383,#384,#385,#386,#387,#388,#389,#390,#391,#392));
#1456=EDGE_LOOP('',(#393,#394,#395,#396,#397,#398,#399,#400));
#1457=EDGE_LOOP('',(#401,#402,#403,#404,#405,#406,#407,#408));
#1458=EDGE_LOOP('',(#409,#410,#411,#412,#413,#414,#415,#416));
#1459=EDGE_LOOP('',(#417,#418,#419,#420,#421,#422,#423,#424));
#1460=EDGE_LOOP('',(#425,#426,#427,#428,#429,#430,#431,#432));
#1461=EDGE_LOOP('',(#433));
#1462=EDGE_LOOP('',(#434));
#1463=EDGE_LOOP('',(#435));
#1464=EDGE_LOOP('',(#436,#437,#438,#439));
#1465=EDGE_LOOP('',(#440));
#1466=EDGE_LOOP('',(#441,#442,#443,#444,#445,#446,#447,#448));
#1467=EDGE_LOOP('',(#449,#450,#451,#452,#453,#454,#455,#456));
#1468=EDGE_LOOP('',(#457,#458,#459,#460,#461,#462,#463,#464));
#1469=EDGE_LOOP('',(#465,#466,#467,#468,#469,#470,#471,#472,#473,#474));
#1470=EDGE_LOOP('',(#475));
#1471=EDGE_LOOP('',(#476));
#1472=EDGE_LOOP('',(#477));
#1473=EDGE_LOOP('',(#478));
#1474=EDGE_LOOP('',(#479,#480,#481,#482));
#1475=EDGE_LOOP('',(#483));
#1476=EDGE_LOOP('',(#484,#485,#486,#487));
#1477=EDGE_LOOP('',(#488,#489,#490,#491));
#1478=EDGE_LOOP('',(#492));
#1479=EDGE_LOOP('',(#493));
#1480=EDGE_LOOP('',(#494));
#1481=EDGE_LOOP('',(#495));
#1482=EDGE_LOOP('',(#496,#497,#498,#499));
#1483=EDGE_LOOP('',(#500));
#1484=EDGE_LOOP('',(#501));
#1485=EDGE_LOOP('',(#502));
#1486=EDGE_LOOP('',(#503));
#1487=EDGE_LOOP('',(#504));
#1488=EDGE_LOOP('',(#505));
#1489=EDGE_LOOP('',(#506,#507,#508));
#1490=EDGE_LOOP('',(#509));
#1491=EDGE_LOOP('',(#510));
#1492=EDGE_LOOP('',(#511));
#1493=EDGE_LOOP('',(#512));
#1494=EDGE_LOOP('',(#513));
#1495=EDGE_LOOP('',(#514));
#1496=EDGE_LOOP('',(#515));
#1497=EDGE_LOOP('',(#516));
#1498=EDGE_LOOP('',(#517));
#1499=EDGE_LOOP('',(#518));
#1500=EDGE_LOOP('',(#519,#520,#521,#522));
#1501=EDGE_LOOP('',(#523,#524,#525,#526));
#1502=EDGE_LOOP('',(#527,#528,#529,#530));
#1503=EDGE_LOOP('',(#531,#532,#533,#534));
#1504=EDGE_LOOP('',(#535,#536,#537,#538));
#1505=EDGE_LOOP('',(#539,#540,#541,#542));
#1506=EDGE_LOOP('',(#543,#544,#545,#546));
#1507=EDGE_LOOP('',(#547,#548,#549,#550));
#1508=EDGE_LOOP('',(#551,#552,#553,#554));
#1509=EDGE_LOOP('',(#555,#556,#557,#558));
#1510=EDGE_LOOP('',(#559,#560,#561,#562));
#1511=EDGE_LOOP('',(#563,#564,#565,#566));
#1512=EDGE_LOOP('',(#567,#568,#569,#570));
#1513=EDGE_LOOP('',(#571,#572,#573,#574));
#1514=EDGE_LOOP('',(#575,#576,#577,#578));
#1515=EDGE_LOOP('',(#579,#580,#581,#582));
#1516=EDGE_LOOP('',(#583,#584,#585,#586));
#1517=EDGE_LOOP('',(#587,#588,#589,#590));
#1518=EDGE_LOOP('',(#591,#592,#593,#594));
#1519=EDGE_LOOP('',(#595,#596,#597,#598));
#1520=EDGE_LOOP('',(#599,#600,#601,#602));
#1521=EDGE_LOOP('',(#603,#604,#605,#606));
#1522=EDGE_LOOP('',(#607,#608,#609,#610));
#1523=EDGE_LOOP('',(#611,#612,#613,#614));
#1524=EDGE_LOOP('',(#615,#616,#617,#618));
#1525=EDGE_LOOP('',(#619,#620,#621,#622));
#1526=EDGE_LOOP('',(#623,#624,#625,#626));
#1527=EDGE_LOOP('',(#627,#628,#629,#630));
#1528=EDGE_LOOP('',(#631,#632,#633,#634));
#1529=EDGE_LOOP('',(#635,#636,#637,#638));
#1530=EDGE_LOOP('',(#639,#640,#641,#642));
#1531=EDGE_LOOP('',(#643,#644,#645,#646));
#1532=EDGE_LOOP('',(#647,#648,#649,#650));
#1533=EDGE_LOOP('',(#651,#652,#653,#654));
#1534=EDGE_LOOP('',(#655,#656,#657,#658));
#1535=EDGE_LOOP('',(#659,#660,#661,#662));
#1536=EDGE_LOOP('',(#663,#664,#665,#666));
#1537=EDGE_LOOP('',(#667,#668,#669,#670));
#1538=EDGE_LOOP('',(#671,#672,#673,#674));
#1539=EDGE_LOOP('',(#675,#676,#677,#678));
#1540=EDGE_LOOP('',(#679,#680,#681,#682));
#1541=EDGE_LOOP('',(#683,#684,#685,#686));
#1542=EDGE_LOOP('',(#687,#688,#689,#690));
#1543=EDGE_LOOP('',(#691,#692,#693,#694));
#1544=EDGE_LOOP('',(#695,#696,#697,#698));
#1545=EDGE_LOOP('',(#699,#700,#701,#702));
#1546=EDGE_LOOP('',(#703,#704,#705,#706));
#1547=EDGE_LOOP('',(#707,#708,#709,#710));
#1548=EDGE_LOOP('',(#711,#712,#713,#714));
#1549=EDGE_LOOP('',(#715,#716,#717,#718));
#1550=EDGE_LOOP('',(#719,#720,#721,#722));
#1551=EDGE_LOOP('',(#723,#724,#725,#726));
#1552=EDGE_LOOP('',(#727,#728,#729,#730));
#1553=EDGE_LOOP('',(#731,#732,#733,#734));
#1554=EDGE_LOOP('',(#735,#736,#737,#738));
#1555=EDGE_LOOP('',(#739,#740,#741,#742));
#1556=EDGE_LOOP('',(#743,#744,#745,#746));
#1557=EDGE_LOOP('',(#747,#748,#749,#750));
#1558=EDGE_LOOP('',(#751,#752,#753,#754));
#1559=EDGE_LOOP('',(#755,#756,#757,#758));
#1560=EDGE_LOOP('',(#759,#760,#761,#762));
#1561=EDGE_LOOP('',(#763,#764,#765,#766));
#1562=EDGE_LOOP('',(#767,#768,#769,#770));
#1563=EDGE_LOOP('',(#771,#772,#773,#774));
#1564=EDGE_LOOP('',(#775,#776,#777,#778));
#1565=EDGE_LOOP('',(#779,#780,#781,#782));
#1566=EDGE_LOOP('',(#783,#784,#785,#786));
#1567=EDGE_LOOP('',(#787,#788,#789,#790));
#1568=EDGE_LOOP('',(#791,#792,#793,#794));
#1569=EDGE_LOOP('',(#795,#796,#797,#798));
#1570=EDGE_LOOP('',(#799,#800,#801,#802));
#1571=EDGE_LOOP('',(#803,#804,#805,#806));
#1572=EDGE_LOOP('',(#807,#808,#809,#810));
#1573=EDGE_LOOP('',(#811,#812,#813,#814));
#1574=EDGE_LOOP('',(#815));
#1575=EDGE_LOOP('',(#816,#817,#818,#819,#820,#821));
#1576=EDGE_LOOP('',(#822));
#1577=EDGE_LOOP('',(#823,#824,#825,#826));
#1578=EDGE_LOOP('',(#827,#828,#829,#830,#831));
#1579=EDGE_LOOP('',(#832,#833,#834,#835,#836));
#1580=FACE_BOUND('',#1436,.T.);
#1581=FACE_BOUND('',#1437,.T.);
#1582=FACE_BOUND('',#1438,.T.);
#1583=FACE_BOUND('',#1439,.T.);
#1584=FACE_BOUND('',#1440,.T.);
#1585=FACE_BOUND('',#1441,.T.);
#1586=FACE_BOUND('',#1442,.T.);
#1587=FACE_BOUND('',#1443,.T.);
#1588=FACE_BOUND('',#1444,.T.);
#1589=FACE_BOUND('',#1445,.T.);
#1590=FACE_BOUND('',#1446,.T.);
#1591=FACE_BOUND('',#1447,.T.);
#1592=FACE_BOUND('',#1448,.T.);
#1593=FACE_BOUND('',#1449,.T.);
#1594=FACE_BOUND('',#1450,.T.);
#1595=FACE_BOUND('',#1451,.T.);
#1596=FACE_BOUND('',#1452,.T.);
#1597=FACE_BOUND('',#1453,.T.);
#1598=FACE_BOUND('',#1454,.T.);
#1599=FACE_BOUND('',#1455,.T.);
#1600=FACE_BOUND('',#1456,.T.);
#1601=FACE_BOUND('',#1457,.T.);
#1602=FACE_BOUND('',#1458,.T.);
#1603=FACE_BOUND('',#1459,.T.);
#1604=FACE_BOUND('',#1460,.T.);
#1605=FACE_BOUND('',#1461,.T.);
#1606=FACE_BOUND('',#1462,.T.);
#1607=FACE_BOUND('',#1463,.T.);
#1608=FACE_BOUND('',#1464,.T.);
#1609=FACE_BOUND('',#1465,.T.);
#1610=FACE_BOUND('',#1466,.T.);
#1611=FACE_BOUND('',#1467,.T.);
#1612=FACE_BOUND('',#1468,.T.);
#1613=FACE_BOUND('',#1469,.T.);
#1614=FACE_BOUND('',#1470,.T.);
#1615=FACE_BOUND('',#1471,.T.);
#1616=FACE_BOUND('',#1472,.T.);
#1617=FACE_BOUND('',#1473,.T.);
#1618=FACE_BOUND('',#1474,.T.);
#1619=FACE_BOUND('',#1475,.T.);
#1620=FACE_BOUND('',#1476,.T.);
#1621=FACE_BOUND('',#1477,.T.);
#1622=FACE_BOUND('',#1478,.T.);
#1623=FACE_BOUND('',#1479,.T.);
#1624=FACE_BOUND('',#1480,.T.);
#1625=FACE_BOUND('',#1481,.T.);
#1626=FACE_BOUND('',#1482,.T.);
#1627=FACE_BOUND('',#1483,.T.);
#1628=FACE_BOUND('',#1484,.T.);
#1629=FACE_BOUND('',#1485,.T.);
#1630=FACE_BOUND('',#1486,.T.);
#1631=FACE_BOUND('',#1487,.T.);
#1632=FACE_BOUND('',#1488,.T.);
#1633=FACE_BOUND('',#1489,.T.);
#1634=FACE_BOUND('',#1490,.T.);
#1635=FACE_BOUND('',#1491,.T.);
#1636=FACE_BOUND('',#1492,.T.);
#1637=FACE_BOUND('',#1493,.T.);
#1638=FACE_BOUND('',#1494,.T.);
#1639=FACE_BOUND('',#1495,.T.);
#1640=FACE_BOUND('',#1496,.T.);
#1641=FACE_BOUND('',#1497,.T.);
#1642=FACE_BOUND('',#1498,.T.);
#1643=FACE_BOUND('',#1499,.T.);
#1644=FACE_BOUND('',#1500,.T.);
#1645=FACE_BOUND('',#1501,.T.);
#1646=FACE_BOUND('',#1502,.T.);
#1647=FACE_BOUND('',#1503,.T.);
#1648=FACE_BOUND('',#1504,.T.);
#1649=FACE_BOUND('',#1505,.T.);
#1650=FACE_BOUND('',#1506,.T.);
#1651=FACE_BOUND('',#1507,.T.);
#1652=FACE_BOUND('',#1508,.T.);
#1653=FACE_BOUND('',#1509,.T.);
#1654=FACE_BOUND('',#1510,.T.);
#1655=FACE_BOUND('',#1511,.T.);
#1656=FACE_BOUND('',#1512,.T.);
#1657=FACE_BOUND('',#1513,.T.);
#1658=FACE_BOUND('',#1514,.T.);
#1659=FACE_BOUND('',#1515,.T.);
#1660=FACE_BOUND('',#1516,.T.);
#1661=FACE_BOUND('',#1517,.T.);
#1662=FACE_BOUND('',#1518,.T.);
#1663=FACE_BOUND('',#1519,.T.);
#1664=FACE_BOUND('',#1520,.T.);
#1665=FACE_BOUND('',#1521,.T.);
#1666=FACE_BOUND('',#1522,.T.);
#1667=FACE_BOUND('',#1523,.T.);
#1668=FACE_BOUND('',#1524,.T.);
#1669=FACE_BOUND('',#1525,.T.);
#1670=FACE_BOUND('',#1526,.T.);
#1671=FACE_BOUND('',#1527,.T.);
#1672=FACE_BOUND('',#1528,.T.);
#1673=FACE_BOUND('',#1529,.T.);
#1674=FACE_BOUND('',#1530,.T.);
#1675=FACE_BOUND('',#1531,.T.);
#1676=FACE_BOUND('',#1532,.T.);
#1677=FACE_BOUND('',#1533,.T.);
#1678=FACE_BOUND('',#1534,.T.);
#1679=FACE_BOUND('',#1535,.T.);
#1680=FACE_BOUND('',#1536,.T.);
#1681=FACE_BOUND('',#1537,.T.);
#1682=FACE_BOUND('',#1538,.T.);
#1683=FACE_BOUND('',#1539,.T.);
#1684=FACE_BOUND('',#1540,.T.);
#1685=FACE_BOUND('',#1541,.T.);
#1686=FACE_BOUND('',#1542,.T.);
#1687=FACE_BOUND('',#1543,.T.);
#1688=FACE_BOUND('',#1544,.T.);
#1689=FACE_BOUND('',#1545,.T.);
#1690=FACE_BOUND('',#1546,.T.);
#1691=FACE_BOUND('',#1547,.T.);
#1692=FACE_BOUND('',#1548,.T.);
#1693=FACE_BOUND('',#1549,.T.);
#1694=FACE_BOUND('',#1550,.T.);
#1695=FACE_BOUND('',#1551,.T.);
#1696=FACE_BOUND('',#1552,.T.);
#1697=FACE_BOUND('',#1553,.T.);
#1698=FACE_BOUND('',#1554,.T.);
#1699=FACE_BOUND('',#1555,.T.);
#1700=FACE_BOUND('',#1556,.T.);
#1701=FACE_BOUND('',#1557,.T.);
#1702=FACE_BOUND('',#1558,.T.);
#1703=FACE_BOUND('',#1559,.T.);
#1704=FACE_BOUND('',#1560,.T.);
#1705=FACE_BOUND('',#1561,.T.);
#1706=FACE_BOUND('',#1562,.T.);
#1707=FACE_BOUND('',#1563,.T.);
#1708=FACE_BOUND('',#1564,.T.);
#1709=FACE_BOUND('',#1565,.T.);
#1710=FACE_BOUND('',#1566,.T.);
#1711=FACE_BOUND('',#1567,.T.);
#1712=FACE_BOUND('',#1568,.T.);
#1713=FACE_BOUND('',#1569,.T.);
#1714=FACE_BOUND('',#1570,.T.);
#1715=FACE_BOUND('',#1571,.T.);
#1716=FACE_BOUND('',#1572,.T.);
#1717=FACE_BOUND('',#1573,.T.);
#1718=FACE_BOUND('',#1574,.T.);
#1719=FACE_BOUND('',#1575,.T.);
#1720=FACE_BOUND('',#1576,.T.);
#1721=FACE_BOUND('',#1577,.T.);
#1722=FACE_BOUND('',#1578,.T.);
#1723=FACE_BOUND('',#1579,.T.);
#1724=CYLINDRICAL_SURFACE('',#1908,0.0141499999999997);
#1725=CYLINDRICAL_SURFACE('',#2046,0.008);
#1726=CYLINDRICAL_SURFACE('',#2048,0.0229399999999997);
#1727=CYLINDRICAL_SURFACE('',#2051,0.0412749999999993);
#1728=CYLINDRICAL_SURFACE('',#2052,0.0017);
#1729=CYLINDRICAL_SURFACE('',#2053,0.0017);
#1730=CYLINDRICAL_SURFACE('',#2055,0.0017);
#1731=CYLINDRICAL_SURFACE('',#2056,0.01);
#1732=CYLINDRICAL_SURFACE('',#2062,0.00235);
#1733=CYLINDRICAL_SURFACE('',#2065,0.00235);
#1734=CYLINDRICAL_SURFACE('',#2068,0.00235);
#1735=CYLINDRICAL_SURFACE('',#2071,0.0349249999999995);
#1736=CYLINDRICAL_SURFACE('',#2072,0.00126999999999998);
#1737=CYLINDRICAL_SURFACE('',#2074,0.00126999999999998);
#1738=CYLINDRICAL_SURFACE('',#2075,0.0145414999999998);
#1739=CYLINDRICAL_SURFACE('',#2076,0.00126999999999998);
#1740=CYLINDRICAL_SURFACE('',#2078,0.00126999999999998);
#1741=CYLINDRICAL_SURFACE('',#2080,0.00127);
#1742=CYLINDRICAL_SURFACE('',#2081,0.0349249999999995);
#1743=CYLINDRICAL_SURFACE('',#2082,0.00127);
#1744=CYLINDRICAL_SURFACE('',#2084,0.00127);
#1745=CYLINDRICAL_SURFACE('',#2085,0.0145414999999998);
#1746=CYLINDRICAL_SURFACE('',#2086,0.00127);
#1747=CYLINDRICAL_SURFACE('',#2088,0.00127);
#1748=CYLINDRICAL_SURFACE('',#2089,0.0349249999999995);
#1749=CYLINDRICAL_SURFACE('',#2090,0.00127);
#1750=CYLINDRICAL_SURFACE('',#2092,0.00127);
#1751=CYLINDRICAL_SURFACE('',#2093,0.0145414999999998);
#1752=CYLINDRICAL_SURFACE('',#2094,0.00127);
#1753=CYLINDRICAL_SURFACE('',#2095,0.00805);
#1754=CYLINDRICAL_SURFACE('',#2097,0.0444499999999994);
#1755=CYLINDRICAL_SURFACE('',#2098,0.0722037866401428);
#1756=CYLINDRICAL_SURFACE('',#2100,0.00508);
#1757=CYLINDRICAL_SURFACE('',#2101,0.00508);
#1758=CYLINDRICAL_SURFACE('',#2102,0.00508);
#1759=CYLINDRICAL_SURFACE('',#2103,0.00508);
#1760=CYLINDRICAL_SURFACE('',#2104,0.00508);
#1761=CYLINDRICAL_SURFACE('',#2105,0.0444499999999994);
#1762=CYLINDRICAL_SURFACE('',#2107,0.0722037866401423);
#1763=CYLINDRICAL_SURFACE('',#2109,0.00508);
#1764=CYLINDRICAL_SURFACE('',#2110,0.00508);
#1765=CYLINDRICAL_SURFACE('',#2111,0.00508);
#1766=CYLINDRICAL_SURFACE('',#2112,0.00508);
#1767=CYLINDRICAL_SURFACE('',#2113,0.117448537559034);
#1768=CYLINDRICAL_SURFACE('',#2115,0.0785537866401427);
#1769=CYLINDRICAL_SURFACE('',#2117,0.00508);
#1770=CYLINDRICAL_SURFACE('',#2118,0.00508);
#1771=CYLINDRICAL_SURFACE('',#2119,0.00508);
#1772=CYLINDRICAL_SURFACE('',#2120,0.00508);
#1773=CYLINDRICAL_SURFACE('',#2121,0.026115);
#1774=CYLINDRICAL_SURFACE('',#2123,0.123798537559034);
#1775=CYLINDRICAL_SURFACE('',#2125,0.00508);
#1776=CYLINDRICAL_SURFACE('',#2126,0.00508);
#1777=CYLINDRICAL_SURFACE('',#2127,0.00508);
#1778=CYLINDRICAL_SURFACE('',#2128,0.00508);
#1779=CYLINDRICAL_SURFACE('',#2130,0.026115);
#1780=CYLINDRICAL_SURFACE('',#2132,0.123798537559035);
#1781=CYLINDRICAL_SURFACE('',#2133,0.00508);
#1782=CYLINDRICAL_SURFACE('',#2134,0.00508);
#1783=CYLINDRICAL_SURFACE('',#2135,0.00508);
#1784=CYLINDRICAL_SURFACE('',#2136,0.00508);
#1785=CYLINDRICAL_SURFACE('',#2138,0.117448537559035);
#1786=CYLINDRICAL_SURFACE('',#2140,0.0785537866401423);
#1787=CYLINDRICAL_SURFACE('',#2141,0.00508);
#1788=CYLINDRICAL_SURFACE('',#2142,0.00508);
#1789=CYLINDRICAL_SURFACE('',#2143,0.00508);
#1790=CYLINDRICAL_SURFACE('',#2144,0.00508);
#1791=CYLINDRICAL_SURFACE('',#2145,0.004445);
#1792=CYLINDRICAL_SURFACE('',#2146,0.00342223814743609);
#1793=CYLINDRICAL_SURFACE('',#2147,0.00385818818726464);
#1794=CYLINDRICAL_SURFACE('',#2148,0.00385818818726464);
#1795=ADVANCED_FACE('',(#1580),#1724,.F.);
#1796=ADVANCED_FACE('',(#1581),#12,.F.);
#1797=ADVANCED_FACE('',(#1582,#1583,#1584,#1585,#1586,#1587,#1588,#1589,#1590,#1591,#1592,#1593,#1594,#1595,#1596,#1597,#1598,#1599),#13,.T.);
#1798=ADVANCED_FACE('',(#1600,#1601,#1602,#1603,#1604,#1605,#1606,#1607,#1608,#1609,#1610,#1611,#1612,#1613),#14,.F.);
#1799=ADVANCED_FACE('',(#1614,#1615),#1725,.F.);
#1800=ADVANCED_FACE('',(#1616,#1617,#1618,#1619),#1726,.T.);
#1801=ADVANCED_FACE('',(#1620),#15,.F.);
#1802=ADVANCED_FACE('',(#1621),#1727,.T.);
#1803=ADVANCED_FACE('',(#1622,#1623),#1728,.F.);
#1804=ADVANCED_FACE('',(#1624,#1625),#1729,.F.);
#1805=ADVANCED_FACE('',(#1626),#16,.T.);
#1806=ADVANCED_FACE('',(#1627,#1628),#1730,.F.);
#1807=ADVANCED_FACE('',(#1629,#1630),#1731,.F.);
#1808=ADVANCED_FACE('',(#1631,#1632),#17,.T.);
#1809=ADVANCED_FACE('',(#1633),#18,.F.);
#1810=ADVANCED_FACE('',(#1634),#19,.F.);
#1811=ADVANCED_FACE('',(#1635,#1636),#1732,.F.);
#1812=ADVANCED_FACE('',(#1637),#20,.T.);
#1813=ADVANCED_FACE('',(#1638,#1639),#1733,.F.);
#1814=ADVANCED_FACE('',(#1640),#21,.T.);
#1815=ADVANCED_FACE('',(#1641,#1642),#1734,.F.);
#1816=ADVANCED_FACE('',(#1643),#22,.T.);
#1817=ADVANCED_FACE('',(#1644),#1735,.F.);
#1818=ADVANCED_FACE('',(#1645),#1736,.F.);
#1819=ADVANCED_FACE('',(#1646),#23,.T.);
#1820=ADVANCED_FACE('',(#1647),#1737,.F.);
#1821=ADVANCED_FACE('',(#1648),#1738,.T.);
#1822=ADVANCED_FACE('',(#1649),#1739,.F.);
#1823=ADVANCED_FACE('',(#1650),#24,.F.);
#1824=ADVANCED_FACE('',(#1651),#1740,.F.);
#1825=ADVANCED_FACE('',(#1652),#25,.F.);
#1826=ADVANCED_FACE('',(#1653),#1741,.F.);
#1827=ADVANCED_FACE('',(#1654),#1742,.F.);
#1828=ADVANCED_FACE('',(#1655),#1743,.F.);
#1829=ADVANCED_FACE('',(#1656),#26,.T.);
#1830=ADVANCED_FACE('',(#1657),#1744,.F.);
#1831=ADVANCED_FACE('',(#1658),#1745,.T.);
#1832=ADVANCED_FACE('',(#1659),#1746,.F.);
#1833=ADVANCED_FACE('',(#1660),#27,.F.);
#1834=ADVANCED_FACE('',(#1661),#1747,.F.);
#1835=ADVANCED_FACE('',(#1662),#1748,.F.);
#1836=ADVANCED_FACE('',(#1663),#1749,.F.);
#1837=ADVANCED_FACE('',(#1664),#28,.T.);
#1838=ADVANCED_FACE('',(#1665),#1750,.F.);
#1839=ADVANCED_FACE('',(#1666),#1751,.T.);
#1840=ADVANCED_FACE('',(#1667),#1752,.F.);
#1841=ADVANCED_FACE('',(#1668),#1753,.T.);
#1842=ADVANCED_FACE('',(#1669),#29,.F.);
#1843=ADVANCED_FACE('',(#1670),#1754,.T.);
#1844=ADVANCED_FACE('',(#1671),#1755,.F.);
#1845=ADVANCED_FACE('',(#1672),#30,.T.);
#1846=ADVANCED_FACE('',(#1673),#1756,.F.);
#1847=ADVANCED_FACE('',(#1674),#1757,.F.);
#1848=ADVANCED_FACE('',(#1675),#1758,.F.);
#1849=ADVANCED_FACE('',(#1676),#1759,.F.);
#1850=ADVANCED_FACE('',(#1677),#1760,.F.);
#1851=ADVANCED_FACE('',(#1678),#1761,.T.);
#1852=ADVANCED_FACE('',(#1679),#31,.T.);
#1853=ADVANCED_FACE('',(#1680),#1762,.F.);
#1854=ADVANCED_FACE('',(#1681),#32,.F.);
#1855=ADVANCED_FACE('',(#1682),#1763,.F.);
#1856=ADVANCED_FACE('',(#1683),#1764,.F.);
#1857=ADVANCED_FACE('',(#1684),#1765,.F.);
#1858=ADVANCED_FACE('',(#1685),#1766,.F.);
#1859=ADVANCED_FACE('',(#1686),#1767,.F.);
#1860=ADVANCED_FACE('',(#1687),#33,.F.);
#1861=ADVANCED_FACE('',(#1688),#1768,.T.);
#1862=ADVANCED_FACE('',(#1689),#34,.T.);
#1863=ADVANCED_FACE('',(#1690),#1769,.F.);
#1864=ADVANCED_FACE('',(#1691),#1770,.F.);
#1865=ADVANCED_FACE('',(#1692),#1771,.F.);
#1866=ADVANCED_FACE('',(#1693),#1772,.F.);
#1867=ADVANCED_FACE('',(#1694),#1773,.T.);
#1868=ADVANCED_FACE('',(#1695),#35,.F.);
#1869=ADVANCED_FACE('',(#1696),#1774,.T.);
#1870=ADVANCED_FACE('',(#1697),#36,.T.);
#1871=ADVANCED_FACE('',(#1698),#1775,.F.);
#1872=ADVANCED_FACE('',(#1699),#1776,.F.);
#1873=ADVANCED_FACE('',(#1700),#1777,.F.);
#1874=ADVANCED_FACE('',(#1701),#1778,.F.);
#1875=ADVANCED_FACE('',(#1702),#37,.T.);
#1876=ADVANCED_FACE('',(#1703),#1779,.T.);
#1877=ADVANCED_FACE('',(#1704),#38,.F.);
#1878=ADVANCED_FACE('',(#1705),#1780,.T.);
#1879=ADVANCED_FACE('',(#1706),#1781,.F.);
#1880=ADVANCED_FACE('',(#1707),#1782,.F.);
#1881=ADVANCED_FACE('',(#1708),#1783,.F.);
#1882=ADVANCED_FACE('',(#1709),#1784,.F.);
#1883=ADVANCED_FACE('',(#1710),#39,.T.);
#1884=ADVANCED_FACE('',(#1711),#1785,.F.);
#1885=ADVANCED_FACE('',(#1712),#40,.F.);
#1886=ADVANCED_FACE('',(#1713),#1786,.T.);
#1887=ADVANCED_FACE('',(#1714),#1787,.F.);
#1888=ADVANCED_FACE('',(#1715),#1788,.F.);
#1889=ADVANCED_FACE('',(#1716),#1789,.F.);
#1890=ADVANCED_FACE('',(#1717),#1790,.F.);
#1891=ADVANCED_FACE('',(#1718,#1719,#1720),#1791,.F.);
#1892=ADVANCED_FACE('',(#1721),#1792,.F.);
#1893=ADVANCED_FACE('',(#1722),#1793,.T.);
#1894=ADVANCED_FACE('',(#1723),#1794,.T.);
#1895=CLOSED_SHELL('',(#1795,#1796,#1797,#1798,#1799,#1800,#1801,#1802,#1803,#1804,#1805,#1806,#1807,#1808,#1809,#1810,#1811,#1812,#1813,#1814,#1815,#1816,#1817,#1818,#1819,#1820,#1821,#1822,#1823,#1824,#1825,#1826,#1827,#1828,#1829,#1830,#1831,#1832,#1833,#1834,#1835,#1836,#1837,#1838,#1839,#1840,#1841,#1842,#1843,#1844,#1845,#1846,#1847,#1848,#1849,#1850,#1851,#1852,#1853,#1854,#1855,#1856,#1857,#1858,#1859,#1860,#1861,#1862,#1863,#1864,#1865,#1866,#1867,#1868,#1869,#1870,#1871,#1872,#1873,#1874,#1875,#1876,#1877,#1878,#1879,#1880,#1881,#1882,#1883,#1884,#1885,#1886,#1887,#1888,#1889,#1890,#1891,#1892,#1893,#1894));
#1896=STYLED_ITEM('',(#1897),#1904);
#1897=PRESENTATION_STYLE_ASSIGNMENT((#1898));
#1898=SURFACE_STYLE_USAGE(.BOTH.,#1899);
#1899=SURFACE_SIDE_STYLE('',(#1900));
#1900=SURFACE_STYLE_FILL_AREA(#1901);
#1901=FILL_AREA_STYLE('',(#1902));
#1902=FILL_AREA_STYLE_COLOUR('',#1903);
#1903=COLOUR_RGB('',0.615686274509804,0.811764705882353,0.929411764705882);
#1904=MANIFOLD_SOLID_BREP('Part 1',#1895);
#1905=SHAPE_DEFINITION_REPRESENTATION(#3366,#1906);
#1906=SHAPE_REPRESENTATION('Part 1',(#1907),#3361);
#1907=AXIS2_PLACEMENT_3D('',#2757,#2149,#2150);
#1908=AXIS2_PLACEMENT_3D('',#2758,#2151,#2152);
#1909=AXIS2_PLACEMENT_3D('',#2759,#2153,#2154);
#1910=AXIS2_PLACEMENT_3D('',#2764,#2156,#2157);
#1911=AXIS2_PLACEMENT_3D('',#2768,#2159,#2160);
#1912=AXIS2_PLACEMENT_3D('',#2779,#2161,#2162);
#1913=AXIS2_PLACEMENT_3D('',#2782,#2164,#2165);
#1914=AXIS2_PLACEMENT_3D('',#2783,#2166,#2167);
#1915=AXIS2_PLACEMENT_3D('',#2784,#2168,#2169);
#1916=AXIS2_PLACEMENT_3D('',#2786,#2170,#2171);
#1917=AXIS2_PLACEMENT_3D('',#2788,#2172,#2173);
#1918=AXIS2_PLACEMENT_3D('',#2789,#2174,#2175);
#1919=AXIS2_PLACEMENT_3D('',#2794,#2177,#2178);
#1920=AXIS2_PLACEMENT_3D('',#2796,#2179,#2180);
#1921=AXIS2_PLACEMENT_3D('',#2798,#2181,#2182);
#1922=AXIS2_PLACEMENT_3D('',#2802,#2184,#2185);
#1923=AXIS2_PLACEMENT_3D('',#2804,#2186,#2187);
#1924=AXIS2_PLACEMENT_3D('',#2805,#2188,#2189);
#1925=AXIS2_PLACEMENT_3D('',#2810,#2191,#2192);
#1926=AXIS2_PLACEMENT_3D('',#2812,#2193,#2194);
#1927=AXIS2_PLACEMENT_3D('',#2814,#2195,#2196);
#1928=AXIS2_PLACEMENT_3D('',#2818,#2198,#2199);
#1929=AXIS2_PLACEMENT_3D('',#2820,#2200,#2201);
#1930=AXIS2_PLACEMENT_3D('',#2821,#2202,#2203);
#1931=AXIS2_PLACEMENT_3D('',#2824,#2204,#2205);
#1932=AXIS2_PLACEMENT_3D('',#2826,#2206,#2207);
#1933=AXIS2_PLACEMENT_3D('',#2830,#2209,#2210);
#1934=AXIS2_PLACEMENT_3D('',#2832,#2211,#2212);
#1935=AXIS2_PLACEMENT_3D('',#2834,#2213,#2214);
#1936=AXIS2_PLACEMENT_3D('',#2837,#2216,#2217);
#1937=AXIS2_PLACEMENT_3D('',#2840,#2218,#2219);
#1938=AXIS2_PLACEMENT_3D('',#2842,#2220,#2221);
#1939=AXIS2_PLACEMENT_3D('',#2846,#2223,#2224);
#1940=AXIS2_PLACEMENT_3D('',#2848,#2225,#2226);
#1941=AXIS2_PLACEMENT_3D('',#2850,#2227,#2228);
#1942=AXIS2_PLACEMENT_3D('',#2853,#2230,#2231);
#1943=AXIS2_PLACEMENT_3D('',#2858,#2233,#2234);
#1944=AXIS2_PLACEMENT_3D('',#2860,#2235,#2236);
#1945=AXIS2_PLACEMENT_3D('',#2862,#2237,#2238);
#1946=AXIS2_PLACEMENT_3D('',#2866,#2240,#2241);
#1947=AXIS2_PLACEMENT_3D('',#2868,#2242,#2243);
#1948=AXIS2_PLACEMENT_3D('',#2872,#2245,#2246);
#1949=AXIS2_PLACEMENT_3D('',#2874,#2247,#2248);
#1950=AXIS2_PLACEMENT_3D('',#2876,#2249,#2250);
#1951=AXIS2_PLACEMENT_3D('',#2880,#2252,#2253);
#1952=AXIS2_PLACEMENT_3D('',#2882,#2254,#2255);
#1953=AXIS2_PLACEMENT_3D('',#2884,#2256,#2257);
#1954=AXIS2_PLACEMENT_3D('',#2888,#2259,#2260);
#1955=AXIS2_PLACEMENT_3D('',#2890,#2261,#2262);
#1956=AXIS2_PLACEMENT_3D('',#2892,#2263,#2264);
#1957=AXIS2_PLACEMENT_3D('',#2896,#2266,#2267);
#1958=AXIS2_PLACEMENT_3D('',#2898,#2268,#2269);
#1959=AXIS2_PLACEMENT_3D('',#2900,#2270,#2271);
#1960=AXIS2_PLACEMENT_3D('',#2901,#2272,#2273);
#1961=AXIS2_PLACEMENT_3D('',#2904,#2274,#2275);
#1962=AXIS2_PLACEMENT_3D('',#2908,#2277,#2278);
#1963=AXIS2_PLACEMENT_3D('',#2910,#2279,#2280);
#1964=AXIS2_PLACEMENT_3D('',#2912,#2281,#2282);
#1965=AXIS2_PLACEMENT_3D('',#2916,#2284,#2285);
#1966=AXIS2_PLACEMENT_3D('',#2917,#2286,#2287);
#1967=AXIS2_PLACEMENT_3D('',#2919,#2288,#2289);
#1968=AXIS2_PLACEMENT_3D('',#2921,#2290,#2291);
#1969=AXIS2_PLACEMENT_3D('',#2923,#2292,#2293);
#1970=AXIS2_PLACEMENT_3D('',#2928,#2295,#2296);
#1971=AXIS2_PLACEMENT_3D('',#2931,#2298,#2299);
#1972=AXIS2_PLACEMENT_3D('',#2933,#2300,#2301);
#1973=AXIS2_PLACEMENT_3D('',#2935,#2302,#2303);
#1974=AXIS2_PLACEMENT_3D('',#2937,#2304,#2305);
#1975=AXIS2_PLACEMENT_3D('',#2939,#2306,#2307);
#1976=AXIS2_PLACEMENT_3D('',#2942,#2308,#2309);
#1977=AXIS2_PLACEMENT_3D('',#2944,#2310,#2311);
#1978=AXIS2_PLACEMENT_3D('',#2946,#2312,#2313);
#1979=AXIS2_PLACEMENT_3D('',#2948,#2314,#2315);
#1980=AXIS2_PLACEMENT_3D('',#2952,#2317,#2318);
#1981=AXIS2_PLACEMENT_3D('',#2954,#2319,#2320);
#1982=AXIS2_PLACEMENT_3D('',#2956,#2321,#2322);
#1983=AXIS2_PLACEMENT_3D('',#2959,#2324,#2325);
#1984=AXIS2_PLACEMENT_3D('',#2960,#2326,#2327);
#1985=AXIS2_PLACEMENT_3D('',#2963,#2328,#2329);
#1986=AXIS2_PLACEMENT_3D('',#2967,#2331,#2332);
#1987=AXIS2_PLACEMENT_3D('',#2969,#2333,#2334);
#1988=AXIS2_PLACEMENT_3D('',#2971,#2335,#2336);
#1989=AXIS2_PLACEMENT_3D('',#2975,#2338,#2339);
#1990=AXIS2_PLACEMENT_3D('',#2976,#2340,#2341);
#1991=AXIS2_PLACEMENT_3D('',#2979,#2342,#2343);
#1992=AXIS2_PLACEMENT_3D('',#2983,#2345,#2346);
#1993=AXIS2_PLACEMENT_3D('',#2985,#2347,#2348);
#1994=AXIS2_PLACEMENT_3D('',#2987,#2349,#2350);
#1995=AXIS2_PLACEMENT_3D('',#2991,#2352,#2353);
#1996=AXIS2_PLACEMENT_3D('',#2995,#2355,#2356);
#1997=AXIS2_PLACEMENT_3D('',#2997,#2357,#2358);
#1998=AXIS2_PLACEMENT_3D('',#2999,#2359,#2360);
#1999=AXIS2_PLACEMENT_3D('',#3003,#2362,#2363);
#2000=AXIS2_PLACEMENT_3D('',#3005,#2364,#2365);
#2001=AXIS2_PLACEMENT_3D('',#3007,#2366,#2367);
#2002=AXIS2_PLACEMENT_3D('',#3011,#2369,#2370);
#2003=AXIS2_PLACEMENT_3D('',#3013,#2371,#2372);
#2004=AXIS2_PLACEMENT_3D('',#3015,#2373,#2374);
#2005=AXIS2_PLACEMENT_3D('',#3019,#2376,#2377);
#2006=AXIS2_PLACEMENT_3D('',#3021,#2378,#2379);
#2007=AXIS2_PLACEMENT_3D('',#3023,#2380,#2381);
#2008=AXIS2_PLACEMENT_3D('',#3024,#2382,#2383);
#2009=AXIS2_PLACEMENT_3D('',#3027,#2384,#2385);
#2010=AXIS2_PLACEMENT_3D('',#3031,#2387,#2388);
#2011=AXIS2_PLACEMENT_3D('',#3033,#2389,#2390);
#2012=AXIS2_PLACEMENT_3D('',#3035,#2391,#2392);
#2013=AXIS2_PLACEMENT_3D('',#3039,#2394,#2395);
#2014=AXIS2_PLACEMENT_3D('',#3040,#2396,#2397);
#2015=AXIS2_PLACEMENT_3D('',#3042,#2398,#2399);
#2016=AXIS2_PLACEMENT_3D('',#3044,#2400,#2401);
#2017=AXIS2_PLACEMENT_3D('',#3049,#2403,#2404);
#2018=AXIS2_PLACEMENT_3D('',#3053,#2406,#2407);
#2019=AXIS2_PLACEMENT_3D('',#3054,#2408,#2409);
#2020=AXIS2_PLACEMENT_3D('',#3056,#2410,#2411);
#2021=AXIS2_PLACEMENT_3D('',#3059,#2412,#2413);
#2022=AXIS2_PLACEMENT_3D('',#3061,#2414,#2415);
#2023=AXIS2_PLACEMENT_3D('',#3065,#2417,#2418);
#2024=AXIS2_PLACEMENT_3D('',#3067,#2419,#2420);
#2025=AXIS2_PLACEMENT_3D('',#3069,#2421,#2422);
#2026=AXIS2_PLACEMENT_3D('',#3072,#2424,#2425);
#2027=AXIS2_PLACEMENT_3D('',#3077,#2427,#2428);
#2028=AXIS2_PLACEMENT_3D('',#3079,#2429,#2430);
#2029=AXIS2_PLACEMENT_3D('',#3081,#2431,#2432);
#2030=AXIS2_PLACEMENT_3D('',#3085,#2434,#2435);
#2031=AXIS2_PLACEMENT_3D('',#3087,#2436,#2437);
#2032=AXIS2_PLACEMENT_3D('',#3088,#2438,#2439);
#2033=AXIS2_PLACEMENT_3D('',#3093,#2441,#2442);
#2034=AXIS2_PLACEMENT_3D('',#3095,#2443,#2444);
#2035=AXIS2_PLACEMENT_3D('',#3097,#2445,#2446);
#2036=AXIS2_PLACEMENT_3D('',#3101,#2448,#2449);
#2037=AXIS2_PLACEMENT_3D('',#3103,#2450,#2451);
#2038=AXIS2_PLACEMENT_3D('',#3104,#2452,#2453);
#2039=AXIS2_PLACEMENT_3D('',#3107,#2454,#2455);
#2040=AXIS2_PLACEMENT_3D('',#3109,#2456,#2457);
#2041=AXIS2_PLACEMENT_3D('',#3111,#2458,#2459);
#2042=AXIS2_PLACEMENT_3D('',#3115,#2461,#2462);
#2043=AXIS2_PLACEMENT_3D('',#3117,#2463,#2464);
#2044=AXIS2_PLACEMENT_3D('',#3119,#2465,#2466);
#2045=AXIS2_PLACEMENT_3D('',#3123,#2468,#2469);
#2046=AXIS2_PLACEMENT_3D('',#3124,#2470,#2471);
#2047=AXIS2_PLACEMENT_3D('',#3125,#2472,#2473);
#2048=AXIS2_PLACEMENT_3D('',#3127,#2474,#2475);
#2049=AXIS2_PLACEMENT_3D('',#3154,#2478,#2479);
#2050=AXIS2_PLACEMENT_3D('',#3156,#2480,#2481);
#2051=AXIS2_PLACEMENT_3D('',#3158,#2483,#2484);
#2052=AXIS2_PLACEMENT_3D('',#3160,#2486,#2487);
#2053=AXIS2_PLACEMENT_3D('',#3161,#2488,#2489);
#2054=AXIS2_PLACEMENT_3D('',#3162,#2490,#2491);
#2055=AXIS2_PLACEMENT_3D('',#3163,#2492,#2493);
#2056=AXIS2_PLACEMENT_3D('',#3164,#2494,#2495);
#2057=AXIS2_PLACEMENT_3D('',#3165,#2496,#2497);
#2058=AXIS2_PLACEMENT_3D('',#3167,#2498,#2499);
#2059=AXIS2_PLACEMENT_3D('',#3168,#2500,#2501);
#2060=AXIS2_PLACEMENT_3D('',#3169,#2502,#2503);
#2061=AXIS2_PLACEMENT_3D('',#3172,#2505,#2506);
#2062=AXIS2_PLACEMENT_3D('',#3173,#2507,#2508);
#2063=AXIS2_PLACEMENT_3D('',#3174,#2509,#2510);
#2064=AXIS2_PLACEMENT_3D('',#3176,#2511,#2512);
#2065=AXIS2_PLACEMENT_3D('',#3177,#2513,#2514);
#2066=AXIS2_PLACEMENT_3D('',#3178,#2515,#2516);
#2067=AXIS2_PLACEMENT_3D('',#3180,#2517,#2518);
#2068=AXIS2_PLACEMENT_3D('',#3181,#2519,#2520);
#2069=AXIS2_PLACEMENT_3D('',#3182,#2521,#2522);
#2070=AXIS2_PLACEMENT_3D('',#3184,#2523,#2524);
#2071=AXIS2_PLACEMENT_3D('',#3185,#2525,#2526);
#2072=AXIS2_PLACEMENT_3D('',#3188,#2529,#2530);
#2073=AXIS2_PLACEMENT_3D('',#3190,#2532,#2533);
#2074=AXIS2_PLACEMENT_3D('',#3192,#2535,#2536);
#2075=AXIS2_PLACEMENT_3D('',#3194,#2538,#2539);
#2076=AXIS2_PLACEMENT_3D('',#3196,#2541,#2542);
#2077=AXIS2_PLACEMENT_3D('',#3198,#2544,#2545);
#2078=AXIS2_PLACEMENT_3D('',#3200,#2547,#2548);
#2079=AXIS2_PLACEMENT_3D('',#3201,#2549,#2550);
#2080=AXIS2_PLACEMENT_3D('',#3204,#2553,#2554);
#2081=AXIS2_PLACEMENT_3D('',#3206,#2556,#2557);
#2082=AXIS2_PLACEMENT_3D('',#3208,#2559,#2560);
#2083=AXIS2_PLACEMENT_3D('',#3210,#2562,#2563);
#2084=AXIS2_PLACEMENT_3D('',#3212,#2565,#2566);
#2085=AXIS2_PLACEMENT_3D('',#3214,#2568,#2569);
#2086=AXIS2_PLACEMENT_3D('',#3216,#2571,#2572);
#2087=AXIS2_PLACEMENT_3D('',#3217,#2573,#2574);
#2088=AXIS2_PLACEMENT_3D('',#3220,#2577,#2578);
#2089=AXIS2_PLACEMENT_3D('',#3222,#2580,#2581);
#2090=AXIS2_PLACEMENT_3D('',#3224,#2583,#2584);
#2091=AXIS2_PLACEMENT_3D('',#3226,#2586,#2587);
#2092=AXIS2_PLACEMENT_3D('',#3228,#2589,#2590);
#2093=AXIS2_PLACEMENT_3D('',#3230,#2592,#2593);
#2094=AXIS2_PLACEMENT_3D('',#3232,#2595,#2596);
#2095=AXIS2_PLACEMENT_3D('',#3233,#2597,#2598);
#2096=AXIS2_PLACEMENT_3D('',#3236,#2601,#2602);
#2097=AXIS2_PLACEMENT_3D('',#3239,#2605,#2606);
#2098=AXIS2_PLACEMENT_3D('',#3242,#2609,#2610);
#2099=AXIS2_PLACEMENT_3D('',#3245,#2613,#2614);
#2100=AXIS2_PLACEMENT_3D('',#3248,#2617,#2618);
#2101=AXIS2_PLACEMENT_3D('',#3249,#2619,#2620);
#2102=AXIS2_PLACEMENT_3D('',#3250,#2621,#2622);
#2103=AXIS2_PLACEMENT_3D('',#3251,#2623,#2624);
#2104=AXIS2_PLACEMENT_3D('',#3252,#2625,#2626);
#2105=AXIS2_PLACEMENT_3D('',#3253,#2627,#2628);
#2106=AXIS2_PLACEMENT_3D('',#3256,#2631,#2632);
#2107=AXIS2_PLACEMENT_3D('',#3259,#2635,#2636);
#2108=AXIS2_PLACEMENT_3D('',#3262,#2639,#2640);
#2109=AXIS2_PLACEMENT_3D('',#3265,#2643,#2644);
#2110=AXIS2_PLACEMENT_3D('',#3266,#2645,#2646);
#2111=AXIS2_PLACEMENT_3D('',#3267,#2647,#2648);
#2112=AXIS2_PLACEMENT_3D('',#3268,#2649,#2650);
#2113=AXIS2_PLACEMENT_3D('',#3269,#2651,#2652);
#2114=AXIS2_PLACEMENT_3D('',#3272,#2655,#2656);
#2115=AXIS2_PLACEMENT_3D('',#3275,#2659,#2660);
#2116=AXIS2_PLACEMENT_3D('',#3278,#2663,#2664);
#2117=AXIS2_PLACEMENT_3D('',#3281,#2667,#2668);
#2118=AXIS2_PLACEMENT_3D('',#3282,#2669,#2670);
#2119=AXIS2_PLACEMENT_3D('',#3283,#2671,#2672);
#2120=AXIS2_PLACEMENT_3D('',#3284,#2673,#2674);
#2121=AXIS2_PLACEMENT_3D('',#3285,#2675,#2676);
#2122=AXIS2_PLACEMENT_3D('',#3288,#2679,#2680);
#2123=AXIS2_PLACEMENT_3D('',#3291,#2683,#2684);
#2124=AXIS2_PLACEMENT_3D('',#3294,#2687,#2688);
#2125=AXIS2_PLACEMENT_3D('',#3297,#2691,#2692);
#2126=AXIS2_PLACEMENT_3D('',#3298,#2693,#2694);
#2127=AXIS2_PLACEMENT_3D('',#3299,#2695,#2696);
#2128=AXIS2_PLACEMENT_3D('',#3300,#2697,#2698);
#2129=AXIS2_PLACEMENT_3D('',#3301,#2699,#2700);
#2130=AXIS2_PLACEMENT_3D('',#3304,#2703,#2704);
#2131=AXIS2_PLACEMENT_3D('',#3307,#2707,#2708);
#2132=AXIS2_PLACEMENT_3D('',#3310,#2711,#2712);
#2133=AXIS2_PLACEMENT_3D('',#3313,#2715,#2716);
#2134=AXIS2_PLACEMENT_3D('',#3314,#2717,#2718);
#2135=AXIS2_PLACEMENT_3D('',#3315,#2719,#2720);
#2136=AXIS2_PLACEMENT_3D('',#3316,#2721,#2722);
#2137=AXIS2_PLACEMENT_3D('',#3317,#2723,#2724);
#2138=AXIS2_PLACEMENT_3D('',#3320,#2727,#2728);
#2139=AXIS2_PLACEMENT_3D('',#3323,#2731,#2732);
#2140=AXIS2_PLACEMENT_3D('',#3326,#2735,#2736);
#2141=AXIS2_PLACEMENT_3D('',#3329,#2739,#2740);
#2142=AXIS2_PLACEMENT_3D('',#3330,#2741,#2742);
#2143=AXIS2_PLACEMENT_3D('',#3331,#2743,#2744);
#2144=AXIS2_PLACEMENT_3D('',#3332,#2745,#2746);
#2145=AXIS2_PLACEMENT_3D('',#3333,#2747,#2748);
#2146=AXIS2_PLACEMENT_3D('',#3355,#2749,#2750);
#2147=AXIS2_PLACEMENT_3D('',#3358,#2753,#2754);
#2148=AXIS2_PLACEMENT_3D('',#3359,#2755,#2756);
#2149=DIRECTION('',(0.,0.,1.));
#2150=DIRECTION('',(1.,0.,0.));
#2151=DIRECTION('',(0.,-1.,0.));
#2152=DIRECTION('',(-1.,0.,0.));
#2153=DIRECTION('',(0.,1.,0.));
#2154=DIRECTION('',(1.,0.,0.));
#2155=DIRECTION('',(0.,-1.,0.));
#2156=DIRECTION('',(0.,1.,0.));
#2157=DIRECTION('',(1.,0.,0.));
#2158=DIRECTION('',(0.,-1.,0.));
#2159=DIRECTION('',(0.,1.,0.));
#2160=DIRECTION('',(1.,0.,0.));
#2161=DIRECTION('',(0.,-1.,0.));
#2162=DIRECTION('',(1.,0.,0.));
#2163=DIRECTION('',(-0.426321709786261,0.,0.904571611186709));
#2164=DIRECTION('',(0.,-1.,0.));
#2165=DIRECTION('',(-1.,0.,0.));
#2166=DIRECTION('',(0.,1.,0.));
#2167=DIRECTION('',(1.,0.,0.));
#2168=DIRECTION('',(0.,1.,0.));
#2169=DIRECTION('',(1.,0.,0.));
#2170=DIRECTION('',(0.,1.,0.));
#2171=DIRECTION('',(1.,0.,0.));
#2172=DIRECTION('',(0.,1.,0.));
#2173=DIRECTION('',(1.,0.,0.));
#2174=DIRECTION('',(0.,1.,0.));
#2175=DIRECTION('',(1.,0.,0.));
#2176=DIRECTION('',(0.904571611186709,0.,0.426321709786262));
#2177=DIRECTION('',(0.,1.,0.));
#2178=DIRECTION('',(1.,0.,0.));
#2179=DIRECTION('',(0.,1.,0.));
#2180=DIRECTION('',(1.,0.,0.));
#2181=DIRECTION('',(0.,1.,0.));
#2182=DIRECTION('',(1.,0.,0.));
#2183=DIRECTION('',(0.942909543205555,0.,0.333048935341177));
#2184=DIRECTION('',(0.,1.,0.));
#2185=DIRECTION('',(1.,0.,0.));
#2186=DIRECTION('',(0.,1.,0.));
#2187=DIRECTION('',(1.,0.,0.));
#2188=DIRECTION('',(0.,1.,0.));
#2189=DIRECTION('',(1.,0.,0.));
#2190=DIRECTION('',(0.904571611186709,0.,0.426321709786261));
#2191=DIRECTION('',(0.,1.,0.));
#2192=DIRECTION('',(1.,0.,0.));
#2193=DIRECTION('',(0.,1.,0.));
#2194=DIRECTION('',(1.,0.,0.));
#2195=DIRECTION('',(0.,1.,0.));
#2196=DIRECTION('',(1.,0.,0.));
#2197=DIRECTION('',(0.942909543205555,0.,0.333048935341178));
#2198=DIRECTION('',(0.,1.,0.));
#2199=DIRECTION('',(1.,0.,0.));
#2200=DIRECTION('',(0.,1.,0.));
#2201=DIRECTION('',(1.,0.,0.));
#2202=DIRECTION('',(0.,1.,0.));
#2203=DIRECTION('',(1.,0.,0.));
#2204=DIRECTION('',(0.,1.,0.));
#2205=DIRECTION('',(1.,0.,0.));
#2206=DIRECTION('',(0.,1.,0.));
#2207=DIRECTION('',(1.,0.,0.));
#2208=DIRECTION('',(0.856741176780425,0.,0.515746600579096));
#2209=DIRECTION('',(0.,1.,0.));
#2210=DIRECTION('',(1.,0.,0.));
#2211=DIRECTION('',(0.,1.,0.));
#2212=DIRECTION('',(1.,0.,0.));
#2213=DIRECTION('',(0.,1.,0.));
#2214=DIRECTION('',(1.,0.,0.));
#2215=DIRECTION('',(0.904571611186709,0.,0.426321709786261));
#2216=DIRECTION('',(0.,1.,0.));
#2217=DIRECTION('',(1.,0.,0.));
#2218=DIRECTION('',(0.,1.,0.));
#2219=DIRECTION('',(1.,0.,0.));
#2220=DIRECTION('',(0.,1.,0.));
#2221=DIRECTION('',(1.,0.,0.));
#2222=DIRECTION('',(0.856741176780424,0.,0.515746600579096));
#2223=DIRECTION('',(0.,1.,0.));
#2224=DIRECTION('',(1.,0.,0.));
#2225=DIRECTION('',(0.,1.,0.));
#2226=DIRECTION('',(1.,0.,0.));
#2227=DIRECTION('',(0.,1.,0.));
#2228=DIRECTION('',(1.,0.,0.));
#2229=DIRECTION('',(0.904571611186709,0.,0.426321709786262));
#2230=DIRECTION('',(0.,1.,0.));
#2231=DIRECTION('',(1.,0.,0.));
#2232=DIRECTION('',(0.904571611186709,0.,0.426321709786262));
#2233=DIRECTION('',(0.,1.,0.));
#2234=DIRECTION('',(1.,0.,0.));
#2235=DIRECTION('',(0.,1.,0.));
#2236=DIRECTION('',(1.,0.,0.));
#2237=DIRECTION('',(0.,1.,0.));
#2238=DIRECTION('',(1.,0.,0.));
#2239=DIRECTION('',(0.942909543205555,0.,0.333048935341177));
#2240=DIRECTION('',(0.,1.,0.));
#2241=DIRECTION('',(1.,0.,0.));
#2242=DIRECTION('',(0.,1.,0.));
#2243=DIRECTION('',(1.,0.,0.));
#2244=DIRECTION('',(1.,0.,-2.16526518746971E-14));
#2245=DIRECTION('',(0.,1.,0.));
#2246=DIRECTION('',(1.,0.,0.));
#2247=DIRECTION('',(0.,1.,0.));
#2248=DIRECTION('',(1.,0.,0.));
#2249=DIRECTION('',(0.,1.,0.));
#2250=DIRECTION('',(1.,0.,0.));
#2251=DIRECTION('',(-0.5,0.,0.866025403784439));
#2252=DIRECTION('',(0.,1.,0.));
#2253=DIRECTION('',(1.,0.,0.));
#2254=DIRECTION('',(0.,1.,0.));
#2255=DIRECTION('',(1.,0.,0.));
#2256=DIRECTION('',(0.,1.,0.));
#2257=DIRECTION('',(1.,0.,0.));
#2258=DIRECTION('',(-0.499999999999982,0.,0.866025403784449));
#2259=DIRECTION('',(0.,1.,0.));
#2260=DIRECTION('',(1.,0.,0.));
#2261=DIRECTION('',(0.,1.,0.));
#2262=DIRECTION('',(1.,0.,0.));
#2263=DIRECTION('',(0.,1.,0.));
#2264=DIRECTION('',(1.,0.,0.));
#2265=DIRECTION('',(-0.5,0.,-0.866025403784439));
#2266=DIRECTION('',(0.,1.,0.));
#2267=DIRECTION('',(1.,0.,0.));
#2268=DIRECTION('',(0.,1.,0.));
#2269=DIRECTION('',(1.,0.,0.));
#2270=DIRECTION('',(0.,1.,0.));
#2271=DIRECTION('',(1.,0.,0.));
#2272=DIRECTION('',(0.,1.,0.));
#2273=DIRECTION('',(1.,0.,0.));
#2274=DIRECTION('',(0.,1.,0.));
#2275=DIRECTION('',(1.,0.,0.));
#2276=DIRECTION('',(1.,0.,0.));
#2277=DIRECTION('',(0.,1.,0.));
#2278=DIRECTION('',(1.,0.,0.));
#2279=DIRECTION('',(0.,1.,0.));
#2280=DIRECTION('',(1.,0.,0.));
#2281=DIRECTION('',(0.,1.,0.));
#2282=DIRECTION('',(1.,0.,0.));
#2283=DIRECTION('',(-0.500000000000018,0.,-0.866025403784428));
#2284=DIRECTION('',(0.,1.,0.));
#2285=DIRECTION('',(1.,0.,0.));
#2286=DIRECTION('',(0.,1.,0.));
#2287=DIRECTION('',(1.,0.,0.));
#2288=DIRECTION('',(0.,1.,0.));
#2289=DIRECTION('',(1.,0.,0.));
#2290=DIRECTION('',(0.,1.,0.));
#2291=DIRECTION('',(1.,0.,0.));
#2292=DIRECTION('',(0.,1.,0.));
#2293=DIRECTION('',(1.,0.,0.));
#2294=DIRECTION('',(0.855786202952143,0.,0.51732965779738));
#2295=DIRECTION('',(0.,1.,0.));
#2296=DIRECTION('',(1.,0.,0.));
#2297=DIRECTION('',(0.943712058395686,0.,0.33076812246433));
#2298=DIRECTION('',(0.,1.,0.));
#2299=DIRECTION('',(1.,0.,0.));
#2300=DIRECTION('',(0.,1.,0.));
#2301=DIRECTION('',(1.,0.,0.));
#2302=DIRECTION('',(0.,1.,0.));
#2303=DIRECTION('',(1.,0.,0.));
#2304=DIRECTION('',(0.,1.,0.));
#2305=DIRECTION('',(1.,0.,0.));
#2306=DIRECTION('',(0.,1.,0.));
#2307=DIRECTION('',(1.,0.,0.));
#2308=DIRECTION('',(0.,1.,0.));
#2309=DIRECTION('',(1.,0.,0.));
#2310=DIRECTION('',(0.,1.,0.));
#2311=DIRECTION('',(1.,0.,0.));
#2312=DIRECTION('',(0.,1.,0.));
#2313=DIRECTION('',(1.,0.,0.));
#2314=DIRECTION('',(0.,1.,0.));
#2315=DIRECTION('',(1.,0.,0.));
#2316=DIRECTION('',(0.856741176780424,0.,0.515746600579096));
#2317=DIRECTION('',(0.,1.,0.));
#2318=DIRECTION('',(1.,0.,0.));
#2319=DIRECTION('',(0.,1.,0.));
#2320=DIRECTION('',(1.,0.,0.));
#2321=DIRECTION('',(0.,1.,0.));
#2322=DIRECTION('',(1.,0.,0.));
#2323=DIRECTION('',(0.904571611186709,0.,0.426321709786262));
#2324=DIRECTION('',(0.,1.,0.));
#2325=DIRECTION('',(1.,0.,0.));
#2326=DIRECTION('',(0.,1.,0.));
#2327=DIRECTION('',(1.,0.,0.));
#2328=DIRECTION('',(0.,1.,0.));
#2329=DIRECTION('',(1.,0.,0.));
#2330=DIRECTION('',(0.904571611186709,0.,0.426321709786262));
#2331=DIRECTION('',(0.,1.,0.));
#2332=DIRECTION('',(1.,0.,0.));
#2333=DIRECTION('',(0.,1.,0.));
#2334=DIRECTION('',(1.,0.,0.));
#2335=DIRECTION('',(0.,1.,0.));
#2336=DIRECTION('',(1.,0.,0.));
#2337=DIRECTION('',(0.942909543205555,0.,0.333048935341177));
#2338=DIRECTION('',(0.,1.,0.));
#2339=DIRECTION('',(1.,0.,0.));
#2340=DIRECTION('',(0.,1.,0.));
#2341=DIRECTION('',(1.,0.,0.));
#2342=DIRECTION('',(0.,1.,0.));
#2343=DIRECTION('',(1.,0.,0.));
#2344=DIRECTION('',(0.904571611186709,0.,0.426321709786261));
#2345=DIRECTION('',(0.,1.,0.));
#2346=DIRECTION('',(1.,0.,0.));
#2347=DIRECTION('',(0.,1.,0.));
#2348=DIRECTION('',(1.,0.,0.));
#2349=DIRECTION('',(0.,1.,0.));
#2350=DIRECTION('',(1.,0.,0.));
#2351=DIRECTION('',(0.942909543205555,0.,0.333048935341178));
#2352=DIRECTION('',(0.,1.,0.));
#2353=DIRECTION('',(1.,0.,0.));
#2354=DIRECTION('',(0.856741176780425,0.,0.515746600579096));
#2355=DIRECTION('',(0.,1.,0.));
#2356=DIRECTION('',(1.,0.,0.));
#2357=DIRECTION('',(0.,1.,0.));
#2358=DIRECTION('',(1.,0.,0.));
#2359=DIRECTION('',(0.,1.,0.));
#2360=DIRECTION('',(1.,0.,0.));
#2361=DIRECTION('',(0.904571611186709,0.,0.426321709786261));
#2362=DIRECTION('',(0.,1.,0.));
#2363=DIRECTION('',(1.,0.,0.));
#2364=DIRECTION('',(0.,1.,0.));
#2365=DIRECTION('',(1.,0.,0.));
#2366=DIRECTION('',(0.,1.,0.));
#2367=DIRECTION('',(1.,0.,0.));
#2368=DIRECTION('',(0.856741176780424,0.,0.515746600579096));
#2369=DIRECTION('',(0.,1.,0.));
#2370=DIRECTION('',(1.,0.,0.));
#2371=DIRECTION('',(0.,1.,0.));
#2372=DIRECTION('',(1.,0.,0.));
#2373=DIRECTION('',(0.,1.,0.));
#2374=DIRECTION('',(1.,0.,0.));
#2375=DIRECTION('',(0.904571611186709,0.,0.426321709786262));
#2376=DIRECTION('',(0.,1.,0.));
#2377=DIRECTION('',(1.,0.,0.));
#2378=DIRECTION('',(0.,1.,0.));
#2379=DIRECTION('',(1.,0.,0.));
#2380=DIRECTION('',(0.,1.,0.));
#2381=DIRECTION('',(1.,0.,0.));
#2382=DIRECTION('',(0.,1.,0.));
#2383=DIRECTION('',(1.,0.,0.));
#2384=DIRECTION('',(0.,1.,0.));
#2385=DIRECTION('',(1.,0.,0.));
#2386=DIRECTION('',(0.904571611186709,0.,0.426321709786262));
#2387=DIRECTION('',(0.,1.,0.));
#2388=DIRECTION('',(1.,0.,0.));
#2389=DIRECTION('',(0.,1.,0.));
#2390=DIRECTION('',(1.,0.,0.));
#2391=DIRECTION('',(0.,1.,0.));
#2392=DIRECTION('',(1.,0.,0.));
#2393=DIRECTION('',(0.942909543205555,0.,0.333048935341177));
#2394=DIRECTION('',(0.,1.,0.));
#2395=DIRECTION('',(1.,0.,0.));
#2396=DIRECTION('',(0.,1.,0.));
#2397=DIRECTION('',(1.,0.,0.));
#2398=DIRECTION('',(0.,1.,0.));
#2399=DIRECTION('',(1.,0.,0.));
#2400=DIRECTION('',(0.,1.,0.));
#2401=DIRECTION('',(1.,0.,0.));
#2402=DIRECTION('',(0.855786202952143,0.,0.51732965779738));
#2403=DIRECTION('',(0.,1.,0.));
#2404=DIRECTION('',(1.,0.,0.));
#2405=DIRECTION('',(0.943712058395686,0.,0.33076812246433));
#2406=DIRECTION('',(0.,1.,0.));
#2407=DIRECTION('',(1.,0.,0.));
#2408=DIRECTION('',(0.,-1.,0.));
#2409=DIRECTION('',(-1.,0.,0.));
#2410=DIRECTION('',(0.,-1.,0.));
#2411=DIRECTION('',(-1.,0.,0.));
#2412=DIRECTION('',(0.,-1.,0.));
#2413=DIRECTION('',(-1.,0.,0.));
#2414=DIRECTION('',(0.,-1.,0.));
#2415=DIRECTION('',(-1.,0.,0.));
#2416=DIRECTION('',(0.500000000000019,0.,0.866025403784428));
#2417=DIRECTION('',(0.,-1.,0.));
#2418=DIRECTION('',(-1.,0.,0.));
#2419=DIRECTION('',(0.,-1.,0.));
#2420=DIRECTION('',(-1.,0.,0.));
#2421=DIRECTION('',(0.,-1.,0.));
#2422=DIRECTION('',(-1.,0.,0.));
#2423=DIRECTION('',(-1.,0.,0.));
#2424=DIRECTION('',(0.,-1.,0.));
#2425=DIRECTION('',(-1.,0.,0.));
#2426=DIRECTION('',(0.499999999999982,0.,-0.866025403784449));
#2427=DIRECTION('',(0.,-1.,0.));
#2428=DIRECTION('',(-1.,0.,0.));
#2429=DIRECTION('',(0.,-1.,0.));
#2430=DIRECTION('',(-1.,0.,0.));
#2431=DIRECTION('',(0.,-1.,0.));
#2432=DIRECTION('',(-1.,0.,0.));
#2433=DIRECTION('',(0.5,0.,0.866025403784439));
#2434=DIRECTION('',(0.,-1.,0.));
#2435=DIRECTION('',(-1.,0.,0.));
#2436=DIRECTION('',(0.,-1.,0.));
#2437=DIRECTION('',(-1.,0.,0.));
#2438=DIRECTION('',(0.,-1.,0.));
#2439=DIRECTION('',(-1.,0.,0.));
#2440=DIRECTION('',(-1.,0.,2.1652651874697E-14));
#2441=DIRECTION('',(0.,-1.,0.));
#2442=DIRECTION('',(-1.,0.,0.));
#2443=DIRECTION('',(0.,-1.,0.));
#2444=DIRECTION('',(-1.,0.,0.));
#2445=DIRECTION('',(0.,-1.,0.));
#2446=DIRECTION('',(-1.,0.,0.));
#2447=DIRECTION('',(0.5,0.,-0.866025403784439));
#2448=DIRECTION('',(0.,-1.,0.));
#2449=DIRECTION('',(-1.,0.,0.));
#2450=DIRECTION('',(0.,-1.,0.));
#2451=DIRECTION('',(-1.,0.,0.));
#2452=DIRECTION('',(0.,1.,0.));
#2453=DIRECTION('',(1.,0.,0.));
#2454=DIRECTION('',(0.,1.,0.));
#2455=DIRECTION('',(1.,0.,0.));
#2456=DIRECTION('',(0.,1.,0.));
#2457=DIRECTION('',(1.,0.,0.));
#2458=DIRECTION('',(0.,1.,0.));
#2459=DIRECTION('',(1.,0.,0.));
#2460=DIRECTION('',(0.904571611186709,0.,0.426321709786262));
#2461=DIRECTION('',(0.,1.,0.));
#2462=DIRECTION('',(1.,0.,0.));
#2463=DIRECTION('',(0.,1.,0.));
#2464=DIRECTION('',(1.,0.,0.));
#2465=DIRECTION('',(0.,1.,0.));
#2466=DIRECTION('',(1.,0.,0.));
#2467=DIRECTION('',(0.856741176780424,0.,0.515746600579096));
#2468=DIRECTION('',(0.,1.,0.));
#2469=DIRECTION('',(1.,0.,0.));
#2470=DIRECTION('',(0.,-1.,0.));
#2471=DIRECTION('',(-1.,0.,0.));
#2472=DIRECTION('',(0.,-1.,0.));
#2473=DIRECTION('',(-1.,0.,0.));
#2474=DIRECTION('',(0.,-1.,0.));
#2475=DIRECTION('',(-1.,0.,0.));
#2476=DIRECTION('',(0.,-1.,0.));
#2477=DIRECTION('',(0.,-1.,0.));
#2478=DIRECTION('',(0.,1.00000000000002,0.));
#2479=DIRECTION('',(1.,0.,0.));
#2480=DIRECTION('',(0.51732965779738,0.,-0.855786202952143));
#2481=DIRECTION('',(-0.855786202952143,0.,-0.51732965779738));
#2482=DIRECTION('',(0.,-1.,0.));
#2483=DIRECTION('',(0.,-1.,0.));
#2484=DIRECTION('',(-1.,0.,0.));
#2485=DIRECTION('',(0.,-1.,0.));
#2486=DIRECTION('',(0.,-1.,0.));
#2487=DIRECTION('',(-1.,0.,0.));
#2488=DIRECTION('',(0.,-1.,0.));
#2489=DIRECTION('',(-1.,0.,0.));
#2490=DIRECTION('',(0.33076812246433,0.,-0.943712058395686));
#2491=DIRECTION('',(-0.943712058395686,0.,-0.33076812246433));
#2492=DIRECTION('',(0.,-1.,0.));
#2493=DIRECTION('',(-1.,0.,0.));
#2494=DIRECTION('',(0.,-1.,0.));
#2495=DIRECTION('',(-1.,0.,0.));
#2496=DIRECTION('',(0.,-1.,0.));
#2497=DIRECTION('',(-1.,0.,0.));
#2498=DIRECTION('',(0.,-1.,0.));
#2499=DIRECTION('',(1.,0.,0.));
#2500=DIRECTION('',(0.,-1.,0.));
#2501=DIRECTION('',(1.,0.,0.));
#2502=DIRECTION('',(0.,-1.,0.));
#2503=DIRECTION('',(-1.,0.,0.));
#2504=DIRECTION('',(-0.426321709786261,0.,0.904571611186709));
#2505=DIRECTION('',(0.,1.00000000000002,0.));
#2506=DIRECTION('',(1.00000000000002,0.,0.));
#2507=DIRECTION('',(0.,1.,0.));
#2508=DIRECTION('',(1.,0.,0.));
#2509=DIRECTION('',(0.,1.,0.));
#2510=DIRECTION('',(1.,0.,0.));
#2511=DIRECTION('',(0.,1.,0.));
#2512=DIRECTION('',(1.,0.,0.));
#2513=DIRECTION('',(0.,1.,0.));
#2514=DIRECTION('',(1.,0.,0.));
#2515=DIRECTION('',(0.,1.,0.));
#2516=DIRECTION('',(1.,0.,0.));
#2517=DIRECTION('',(0.,1.,0.));
#2518=DIRECTION('',(1.,0.,0.));
#2519=DIRECTION('',(0.,1.,0.));
#2520=DIRECTION('',(1.,0.,0.));
#2521=DIRECTION('',(0.,1.,0.));
#2522=DIRECTION('',(1.,0.,0.));
#2523=DIRECTION('',(0.,1.,0.));
#2524=DIRECTION('',(1.,0.,0.));
#2525=DIRECTION('',(0.,-1.,0.));
#2526=DIRECTION('',(-1.,0.,0.));
#2527=DIRECTION('',(0.,-1.,0.));
#2528=DIRECTION('',(0.,-1.,0.));
#2529=DIRECTION('',(0.,-1.,0.));
#2530=DIRECTION('',(-1.,0.,0.));
#2531=DIRECTION('',(0.,-1.,0.));
#2532=DIRECTION('',(0.,0.,1.));
#2533=DIRECTION('',(0.,-1.,0.));
#2534=DIRECTION('',(0.,-1.,0.));
#2535=DIRECTION('',(0.,-1.,0.));
#2536=DIRECTION('',(-1.,0.,0.));
#2537=DIRECTION('',(0.,-1.,0.));
#2538=DIRECTION('',(0.,-1.,0.));
#2539=DIRECTION('',(-1.,0.,0.));
#2540=DIRECTION('',(0.,-1.,0.));
#2541=DIRECTION('',(0.,-1.,0.));
#2542=DIRECTION('',(-1.,0.,0.));
#2543=DIRECTION('',(0.,-1.,0.));
#2544=DIRECTION('',(0.866025403784428,0.,-0.500000000000018));
#2545=DIRECTION('',(-0.500000000000018,0.,-0.866025403784428));
#2546=DIRECTION('',(0.,-1.,0.));
#2547=DIRECTION('',(0.,-1.,0.));
#2548=DIRECTION('',(-1.,0.,0.));
#2549=DIRECTION('',(-0.866025403784449,0.,-0.499999999999982));
#2550=DIRECTION('',(-0.499999999999982,0.,0.866025403784449));
#2551=DIRECTION('',(0.,-1.,0.));
#2552=DIRECTION('',(0.,-1.,0.));
#2553=DIRECTION('',(0.,-1.,0.));
#2554=DIRECTION('',(-1.,0.,0.));
#2555=DIRECTION('',(0.,-1.,0.));
#2556=DIRECTION('',(0.,-1.,0.));
#2557=DIRECTION('',(-1.,0.,0.));
#2558=DIRECTION('',(0.,-1.,0.));
#2559=DIRECTION('',(0.,-1.,0.));
#2560=DIRECTION('',(-1.,0.,0.));
#2561=DIRECTION('',(0.,-1.,0.));
#2562=DIRECTION('',(0.866025403784439,0.,-0.5));
#2563=DIRECTION('',(-0.5,0.,-0.866025403784439));
#2564=DIRECTION('',(0.,-1.,0.));
#2565=DIRECTION('',(0.,-1.,0.));
#2566=DIRECTION('',(-1.,0.,0.));
#2567=DIRECTION('',(0.,-1.,0.));
#2568=DIRECTION('',(0.,-1.,0.));
#2569=DIRECTION('',(-1.,0.,0.));
#2570=DIRECTION('',(0.,-1.,0.));
#2571=DIRECTION('',(0.,-1.,0.));
#2572=DIRECTION('',(-1.,0.,0.));
#2573=DIRECTION('',(2.1652651874697E-14,0.,1.));
#2574=DIRECTION('',(1.,0.,-2.16526518746971E-14));
#2575=DIRECTION('',(0.,-1.,0.));
#2576=DIRECTION('',(0.,-1.,0.));
#2577=DIRECTION('',(0.,-1.,0.));
#2578=DIRECTION('',(-1.,0.,0.));
#2579=DIRECTION('',(0.,-1.,0.));
#2580=DIRECTION('',(0.,-1.,0.));
#2581=DIRECTION('',(-1.,0.,0.));
#2582=DIRECTION('',(0.,-1.,0.));
#2583=DIRECTION('',(0.,-1.,0.));
#2584=DIRECTION('',(-1.,0.,0.));
#2585=DIRECTION('',(0.,-1.,0.));
#2586=DIRECTION('',(-0.866025403784439,0.,-0.5));
#2587=DIRECTION('',(-0.5,0.,0.866025403784439));
#2588=DIRECTION('',(0.,-1.,0.));
#2589=DIRECTION('',(0.,-1.,0.));
#2590=DIRECTION('',(-1.,0.,0.));
#2591=DIRECTION('',(0.,-1.,0.));
#2592=DIRECTION('',(0.,-1.,0.));
#2593=DIRECTION('',(-1.,0.,0.));
#2594=DIRECTION('',(0.,-1.,0.));
#2595=DIRECTION('',(0.,-1.,0.));
#2596=DIRECTION('',(-1.,0.,0.));
#2597=DIRECTION('',(0.,1.,0.));
#2598=DIRECTION('',(1.,0.,0.));
#2599=DIRECTION('',(0.,1.,0.));
#2600=DIRECTION('',(0.,1.,0.));
#2601=DIRECTION('',(-0.515746600579096,0.,0.856741176780424));
#2602=DIRECTION('',(0.856741176780424,0.,0.515746600579096));
#2603=DIRECTION('',(0.,1.,0.));
#2604=DIRECTION('',(0.,-1.,0.));
#2605=DIRECTION('',(0.,1.,0.));
#2606=DIRECTION('',(1.,0.,0.));
#2607=DIRECTION('',(0.,1.,0.));
#2608=DIRECTION('',(0.,1.,0.));
#2609=DIRECTION('',(0.,1.,0.));
#2610=DIRECTION('',(1.,0.,0.));
#2611=DIRECTION('',(0.,1.,0.));
#2612=DIRECTION('',(0.,1.,0.));
#2613=DIRECTION('',(-0.426321709786262,0.,0.904571611186709));
#2614=DIRECTION('',(0.904571611186709,0.,0.426321709786262));
#2615=DIRECTION('',(0.,1.,0.));
#2616=DIRECTION('',(0.,-1.,0.));
#2617=DIRECTION('',(0.,1.,0.));
#2618=DIRECTION('',(1.,0.,0.));
#2619=DIRECTION('',(0.,-1.,0.));
#2620=DIRECTION('',(-1.,0.,0.));
#2621=DIRECTION('',(0.,1.,0.));
#2622=DIRECTION('',(1.,0.,0.));
#2623=DIRECTION('',(0.,1.,0.));
#2624=DIRECTION('',(1.,0.,0.));
#2625=DIRECTION('',(0.,1.,0.));
#2626=DIRECTION('',(1.,0.,0.));
#2627=DIRECTION('',(0.,1.,0.));
#2628=DIRECTION('',(1.,0.,0.));
#2629=DIRECTION('',(0.,1.,0.));
#2630=DIRECTION('',(0.,1.,0.));
#2631=DIRECTION('',(-0.333048935341177,0.,0.942909543205555));
#2632=DIRECTION('',(0.942909543205555,0.,0.333048935341177));
#2633=DIRECTION('',(0.,1.,0.));
#2634=DIRECTION('',(0.,-1.,0.));
#2635=DIRECTION('',(0.,1.,0.));
#2636=DIRECTION('',(1.,0.,0.));
#2637=DIRECTION('',(0.,1.,0.));
#2638=DIRECTION('',(0.,1.,0.));
#2639=DIRECTION('',(-0.426321709786262,0.,0.904571611186709));
#2640=DIRECTION('',(0.904571611186709,0.,0.426321709786262));
#2641=DIRECTION('',(0.,1.,0.));
#2642=DIRECTION('',(0.,-1.,0.));
#2643=DIRECTION('',(0.,1.,0.));
#2644=DIRECTION('',(1.,0.,0.));
#2645=DIRECTION('',(0.,1.,0.));
#2646=DIRECTION('',(1.,0.,0.));
#2647=DIRECTION('',(0.,1.,0.));
#2648=DIRECTION('',(1.,0.,0.));
#2649=DIRECTION('',(0.,1.,0.));
#2650=DIRECTION('',(1.,0.,0.));
#2651=DIRECTION('',(0.,1.,0.));
#2652=DIRECTION('',(1.,0.,0.));
#2653=DIRECTION('',(0.,1.,0.));
#2654=DIRECTION('',(0.,1.,0.));
#2655=DIRECTION('',(-0.515746600579096,0.,0.856741176780424));
#2656=DIRECTION('',(0.856741176780424,0.,0.515746600579096));
#2657=DIRECTION('',(0.,1.,0.));
#2658=DIRECTION('',(0.,-1.,0.));
#2659=DIRECTION('',(0.,1.,0.));
#2660=DIRECTION('',(1.,0.,0.));
#2661=DIRECTION('',(0.,1.,0.));
#2662=DIRECTION('',(0.,1.,0.));
#2663=DIRECTION('',(-0.426321709786262,0.,0.904571611186709));
#2664=DIRECTION('',(0.904571611186709,0.,0.426321709786262));
#2665=DIRECTION('',(0.,1.,0.));
#2666=DIRECTION('',(0.,-1.,0.));
#2667=DIRECTION('',(0.,1.,0.));
#2668=DIRECTION('',(1.,0.,0.));
#2669=DIRECTION('',(0.,1.,0.));
#2670=DIRECTION('',(1.,0.,0.));
#2671=DIRECTION('',(0.,1.,0.));
#2672=DIRECTION('',(1.,0.,0.));
#2673=DIRECTION('',(0.,1.,0.));
#2674=DIRECTION('',(1.,0.,0.));
#2675=DIRECTION('',(0.,1.,0.));
#2676=DIRECTION('',(1.,0.,0.));
#2677=DIRECTION('',(0.,1.,0.));
#2678=DIRECTION('',(0.,1.,0.));
#2679=DIRECTION('',(-0.515746600579096,0.,0.856741176780424));
#2680=DIRECTION('',(0.856741176780425,0.,0.515746600579096));
#2681=DIRECTION('',(0.,-1.,0.));
#2682=DIRECTION('',(0.,-1.,0.));
#2683=DIRECTION('',(0.,1.,0.));
#2684=DIRECTION('',(1.,0.,0.));
#2685=DIRECTION('',(0.,1.,0.));
#2686=DIRECTION('',(0.,1.,0.));
#2687=DIRECTION('',(-0.426321709786261,0.,0.904571611186709));
#2688=DIRECTION('',(0.904571611186709,0.,0.426321709786261));
#2689=DIRECTION('',(0.,1.,0.));
#2690=DIRECTION('',(0.,1.,0.));
#2691=DIRECTION('',(0.,1.,0.));
#2692=DIRECTION('',(1.,0.,0.));
#2693=DIRECTION('',(0.,1.,0.));
#2694=DIRECTION('',(1.,0.,0.));
#2695=DIRECTION('',(0.,1.,0.));
#2696=DIRECTION('',(1.,0.,0.));
#2697=DIRECTION('',(0.,1.,0.));
#2698=DIRECTION('',(1.,0.,0.));
#2699=DIRECTION('',(-0.333048935341178,0.,0.942909543205555));
#2700=DIRECTION('',(0.942909543205555,0.,0.333048935341178));
#2701=DIRECTION('',(0.,1.,0.));
#2702=DIRECTION('',(0.,1.,0.));
#2703=DIRECTION('',(0.,1.,0.));
#2704=DIRECTION('',(1.,0.,0.));
#2705=DIRECTION('',(0.,1.,0.));
#2706=DIRECTION('',(0.,1.,0.));
#2707=DIRECTION('',(-0.426321709786261,0.,0.904571611186709));
#2708=DIRECTION('',(0.904571611186709,0.,0.426321709786261));
#2709=DIRECTION('',(0.,-1.,0.));
#2710=DIRECTION('',(0.,-1.,0.));
#2711=DIRECTION('',(0.,1.,0.));
#2712=DIRECTION('',(1.,0.,0.));
#2713=DIRECTION('',(0.,1.,0.));
#2714=DIRECTION('',(0.,1.,0.));
#2715=DIRECTION('',(0.,1.,0.));
#2716=DIRECTION('',(1.,0.,0.));
#2717=DIRECTION('',(0.,1.,0.));
#2718=DIRECTION('',(1.,0.,0.));
#2719=DIRECTION('',(0.,1.,0.));
#2720=DIRECTION('',(1.,0.,0.));
#2721=DIRECTION('',(0.,1.,0.));
#2722=DIRECTION('',(1.,0.,0.));
#2723=DIRECTION('',(-0.333048935341177,0.,0.942909543205555));
#2724=DIRECTION('',(0.942909543205555,0.,0.333048935341177));
#2725=DIRECTION('',(0.,1.,0.));
#2726=DIRECTION('',(0.,-1.,0.));
#2727=DIRECTION('',(0.,1.,0.));
#2728=DIRECTION('',(1.,0.,0.));
#2729=DIRECTION('',(0.,1.,0.));
#2730=DIRECTION('',(0.,1.,0.));
#2731=DIRECTION('',(-0.426321709786262,0.,0.904571611186709));
#2732=DIRECTION('',(0.904571611186709,0.,0.426321709786262));
#2733=DIRECTION('',(0.,1.,0.));
#2734=DIRECTION('',(0.,-1.,0.));
#2735=DIRECTION('',(0.,1.,0.));
#2736=DIRECTION('',(1.,0.,0.));
#2737=DIRECTION('',(0.,1.,0.));
#2738=DIRECTION('',(0.,1.,0.));
#2739=DIRECTION('',(0.,1.,0.));
#2740=DIRECTION('',(1.,0.,0.));
#2741=DIRECTION('',(0.,1.,0.));
#2742=DIRECTION('',(1.,0.,0.));
#2743=DIRECTION('',(0.,1.,0.));
#2744=DIRECTION('',(1.,0.,0.));
#2745=DIRECTION('',(0.,1.,0.));
#2746=DIRECTION('',(1.,0.,0.));
#2747=DIRECTION('',(-0.426321709786261,0.,0.904571611186709));
#2748=DIRECTION('',(0.904571611186709,0.,0.426321709786261));
#2749=DIRECTION('',(0.,1.,0.));
#2750=DIRECTION('',(1.,0.,0.));
#2751=DIRECTION('',(0.,1.,0.));
#2752=DIRECTION('',(0.,1.,0.));
#2753=DIRECTION('',(0.,1.,0.));
#2754=DIRECTION('',(1.,0.,0.));
#2755=DIRECTION('',(0.,1.,0.));
#2756=DIRECTION('',(1.,0.,0.));
#2757=CARTESIAN_POINT('',(0.,0.,0.));
#2758=CARTESIAN_POINT('',(-0.160832832468995,-0.0399571382,-0.0757999999999924));
#2759=CARTESIAN_POINT('',(-0.160832832468995,-0.0539271382,-0.0757999999999924));
#2760=CARTESIAN_POINT('',(-0.161519617386932,-0.0539271382,-0.0616666767362838));
#2761=CARTESIAN_POINT('',(-0.151084930859292,-0.0539271382,-0.0860567496901986));
#2762=CARTESIAN_POINT('',(-0.161519617386932,-0.0399571382,-0.0616666767362838));
#2763=CARTESIAN_POINT('',(-0.161519617386932,-0.0399571382,-0.0616666767362838));
#2764=CARTESIAN_POINT('',(-0.160832832468995,-0.0399571382,-0.0757999999999924));
#2765=CARTESIAN_POINT('',(-0.171245943226682,-0.0399571382,-0.0662193098187924));
#2766=CARTESIAN_POINT('',(-0.171245943226682,-0.0399571382,-0.0662193098187924));
#2767=CARTESIAN_POINT('',(-0.171245943226682,-0.0539271382,-0.0662193098187924));
#2768=CARTESIAN_POINT('',(-0.160832832468995,-0.0539271382,-0.0757999999999924));
#2769=CARTESIAN_POINT('',(-0.159126572482743,-0.0539271382,-0.0898467496901985));
#2770=CARTESIAN_POINT('',(-0.151084930859293,-0.0539271382,-0.0860567496901986));
#2771=CARTESIAN_POINT('',(-0.151084930859292,-0.0527446602221912,-0.0860567496901986));
#2772=CARTESIAN_POINT('',(-0.151630662605847,-0.0510313142948938,-0.0866112698306953));
#2773=CARTESIAN_POINT('',(-0.153243735146502,-0.0497192102591407,-0.0877816611871685));
#2774=CARTESIAN_POINT('',(-0.15477935637114,-0.04936442764457,-0.0886316986236246));
#2775=CARTESIAN_POINT('',(-0.156416575525438,-0.0497159221686557,-0.0892781010994233));
#2776=CARTESIAN_POINT('',(-0.158352739300456,-0.051031203293259,-0.0897792385861804));
#2777=CARTESIAN_POINT('',(-0.159126572482743,-0.0527445640299963,-0.0898467496901985));
#2778=CARTESIAN_POINT('',(-0.159126572482743,-0.0539271382,-0.0898467496901985));
#2779=CARTESIAN_POINT('',(-0.160832832468995,-0.0539271382,-0.0757999999999925));
#2780=CARTESIAN_POINT('',(-0.142464154514414,-0.0539271382,-0.104348357574482));
#2781=CARTESIAN_POINT('',(-0.162630639975175,-0.0539271382,-0.0615590043080031));
#2782=CARTESIAN_POINT('',(-0.161706878550012,-0.0539271382,-0.0578130356859069));
#2783=CARTESIAN_POINT('',(-0.0712489162344979,-0.0399571382,-0.0287324999999945));
#2784=CARTESIAN_POINT('',(-0.161706878550012,-0.0399571382,-0.0578130356859069));
#2785=CARTESIAN_POINT('',(-0.164422598832431,-0.0399571382,-0.0605535610800608));
#2786=CARTESIAN_POINT('',(-0.166831460478667,-0.0399571382,-0.0629844250225841));
#2787=CARTESIAN_POINT('',(-0.170241162775757,-0.0399571382,-0.0632770752967873));
#2788=CARTESIAN_POINT('',(-0.174085218203218,-0.0399571382,-0.0636070055302447));
#2789=CARTESIAN_POINT('',(-0.0717640377908193,-0.0399571382,-0.0429480284498181));
#2790=CARTESIAN_POINT('',(-0.0739297520765335,-0.0399571382,-0.0383528046649897));
#2791=CARTESIAN_POINT('',(-0.0674050182291918,-0.0399571382,-0.040339322168661));
#2792=CARTESIAN_POINT('',(-0.0680261986720204,-0.0399571382,-0.0355704788102962));
#2793=CARTESIAN_POINT('',(-0.10001716135665,-0.0399571382,-0.0506477172961774));
#2794=CARTESIAN_POINT('',(-0.0978514470709359,-0.0399571382,-0.0552429410810059));
#2795=CARTESIAN_POINT('',(-0.102275152869004,-0.0399571382,-0.0577403851769041));
#2796=CARTESIAN_POINT('',(5.13478148889135E-16,-0.0399571382,4.05925293378573E-15));
#2797=CARTESIAN_POINT('',(-0.098356731418202,-0.0399571382,-0.064188101385561));
#2798=CARTESIAN_POINT('',(-0.0941025090499301,-0.0399571382,-0.0614117743080547));
#2799=CARTESIAN_POINT('',(-0.0924106204583969,-0.0399571382,-0.0662017547875389));
#2800=CARTESIAN_POINT('',(-0.061829548027237,-0.0399571382,-0.055400089147202));
#2801=CARTESIAN_POINT('',(-0.064235891424043,-0.0399571382,-0.0562500435379985));
#2802=CARTESIAN_POINT('',(-0.0659277800155761,-0.0399571382,-0.0514600630585143));
#2803=CARTESIAN_POINT('',(-0.0619232605990372,-0.0399571382,-0.0483343272663267));
#2804=CARTESIAN_POINT('',(-3.12250225675825E-17,-0.0399571382,3.6949610038306E-15));
#2805=CARTESIAN_POINT('',(-0.11282118699029,-0.0399571382,-0.0622981316690704));
#2806=CARTESIAN_POINT('',(-0.114986901276005,-0.0399571382,-0.057702907884242));
#2807=CARTESIAN_POINT('',(-0.108374118915452,-0.0399571382,-0.059842528782252));
#2808=CARTESIAN_POINT('',(-0.0680261986720204,-0.0399571382,-0.0355704788102962));
#2809=CARTESIAN_POINT('',(-0.132267091730708,-0.0399571382,-0.0658470064265528));
#2810=CARTESIAN_POINT('',(-0.130101377444994,-0.0399571382,-0.0704422302113813));
#2811=CARTESIAN_POINT('',(-0.135105890717055,-0.0399571382,-0.0713147248587974));
#2812=CARTESIAN_POINT('',(-0.160832832468995,-0.0399571382,-0.0757999999999925));
#2813=CARTESIAN_POINT('',(-0.134762214805815,-0.0399571382,-0.0742781196958212));
#2814=CARTESIAN_POINT('',(-0.129690848245257,-0.0399571382,-0.0739820771170278));
#2815=CARTESIAN_POINT('',(-0.127998959653724,-0.0399571382,-0.078772057596512));
#2816=CARTESIAN_POINT('',(-0.061829548027237,-0.0399571382,-0.0554000891472019));
#2817=CARTESIAN_POINT('',(-0.108371904985048,-0.0399571382,-0.0718395053613707));
#2818=CARTESIAN_POINT('',(-0.110063793576581,-0.0399571382,-0.0670495248818865));
#2819=CARTESIAN_POINT('',(-0.105725413564215,-0.0399571382,-0.0644066365247465));
#2820=CARTESIAN_POINT('',(5.13478148889135E-16,-0.0399571382,4.05925293378573E-15));
#2821=CARTESIAN_POINT('',(-0.119859758418862,-0.0399571382,-0.0473636543683779));
#2822=CARTESIAN_POINT('',(-0.115135251264294,-0.0399571382,-0.0454967231574215));
#2823=CARTESIAN_POINT('',(-0.117694044133147,-0.0399571382,-0.0519588781532064));
#2824=CARTESIAN_POINT('',(-3.88578058618805E-16,-0.0399571382,3.61169427698372E-15));
#2825=CARTESIAN_POINT('',(-0.11698022457071,-0.0399571382,-0.0405179585016529));
#2826=CARTESIAN_POINT('',(-0.121780439117152,-0.0399571382,-0.0421805890403235));
#2827=CARTESIAN_POINT('',(-0.124400431848094,-0.0399571382,-0.0378283438622789));
#2828=CARTESIAN_POINT('',(-0.0813678281875001,-0.0399571382,-0.0119232984955766));
#2829=CARTESIAN_POINT('',(-0.142245159012565,-0.0399571382,-0.0485706282566431));
#2830=CARTESIAN_POINT('',(-0.139625166281623,-0.0399571382,-0.0529228734346876));
#2831=CARTESIAN_POINT('',(-0.143078762826962,-0.0399571382,-0.0566483359431585));
#2832=CARTESIAN_POINT('',(-0.160832832468995,-0.0399571382,-0.0757999999999926));
#2833=CARTESIAN_POINT('',(-0.140998254649003,-0.0399571382,-0.0588122765591472));
#2834=CARTESIAN_POINT('',(-0.137139948873565,-0.0399571382,-0.0555077529106886));
#2835=CARTESIAN_POINT('',(-0.134974234587851,-0.0399571382,-0.0601029766955171));
#2836=CARTESIAN_POINT('',(-0.0707333415291632,-0.0399571382,-0.0298264490792606));
#2837=CARTESIAN_POINT('',(-0.0788026092193905,-0.0399571382,-0.0280135511491255));
#2838=CARTESIAN_POINT('',(-0.0740160597766757,-0.0399571382,-0.0263119799832773));
#2839=CARTESIAN_POINT('',(-0.0766368949336763,-0.0399571382,-0.032608774933954));
#2840=CARTESIAN_POINT('',(3.88578058618805E-16,-0.0399571382,3.91613824701764E-15));
#2841=CARTESIAN_POINT('',(-0.0767060992077679,-0.0399571382,-0.016937288443932));
#2842=CARTESIAN_POINT('',(-0.0816666109875569,-0.0399571382,-0.0180326070654181));
#2843=CARTESIAN_POINT('',(-0.0842866037184987,-0.0399571382,-0.0136803618873735));
#2844=CARTESIAN_POINT('',(-0.0813678281875001,-0.0399571382,-0.0119232984955765));
#2845=CARTESIAN_POINT('',(-0.109894834689484,-0.0399571382,-0.0290961705680798));
#2846=CARTESIAN_POINT('',(-0.107274841958542,-0.0399571382,-0.0334484157461243));
#2847=CARTESIAN_POINT('',(-0.112124564211652,-0.0399571382,-0.0349605645707102));
#2848=CARTESIAN_POINT('',(-3.88578058618805E-16,-0.0399571382,3.61169427698372E-15));
#2849=CARTESIAN_POINT('',(-0.109631926737812,-0.0399571382,-0.0421307442909628));
#2850=CARTESIAN_POINT('',(-0.104890018499507,-0.0399571382,-0.0403084637803133));
#2851=CARTESIAN_POINT('',(-0.102724304213793,-0.0399571382,-0.0449036875651418));
#2852=CARTESIAN_POINT('',(-0.0707333415291632,-0.0399571382,-0.0298264490792606));
#2853=CARTESIAN_POINT('',(-0.0406574939006075,-0.0399571382,-0.0282876137155785));
#2854=CARTESIAN_POINT('',(-0.0428232081863217,-0.0399571382,-0.02369238993075));
#2855=CARTESIAN_POINT('',(-0.0364874945261861,-0.0399571382,-0.0253863200011597));
#2856=CARTESIAN_POINT('',(-0.0680261986720204,-0.0399571382,-0.0355704788102962));
#2857=CARTESIAN_POINT('',(-0.0589037839810693,-0.0399571382,-0.0312711139172022));
#2858=CARTESIAN_POINT('',(-0.0567380696953551,-0.0399571382,-0.0358663377020307));
#2859=CARTESIAN_POINT('',(-0.0610320675235413,-0.0399571382,-0.0385807405187718));
#2860=CARTESIAN_POINT('',(-3.12250225675825E-17,-0.0399571382,3.6949610038306E-15));
#2861=CARTESIAN_POINT('',(-0.0530059696558967,-0.0399571382,-0.0490280938443765));
#2862=CARTESIAN_POINT('',(-0.0492766593470901,-0.0399571382,-0.045578652640264));
#2863=CARTESIAN_POINT('',(-0.047584770755557,-0.0399571382,-0.0503686331197482));
#2864=CARTESIAN_POINT('',(-0.061829548027237,-0.0399571382,-0.0554000891472019));
#2865=CARTESIAN_POINT('',(-0.0288774550886155,-0.0399571382,-0.0437609456582502));
#2866=CARTESIAN_POINT('',(-0.0305693436801487,-0.0399571382,-0.0389709651787659));
#2867=CARTESIAN_POINT('',(-0.0274340263796206,-0.0399571382,-0.0349739431091485));
#2868=CARTESIAN_POINT('',(6.50521303491303E-17,-0.0399571382,3.77822773067749E-15));
#2869=CARTESIAN_POINT('',(-0.0712489162344974,-0.0399571382,-0.00317500000000026));
#2870=CARTESIAN_POINT('',(-0.0333601708628718,-0.0399571382,-0.00317500000000108));
#2871=CARTESIAN_POINT('',(-0.0151738428636255,-0.0399571382,-0.00317500000000146));
#2872=CARTESIAN_POINT('',(-0.0333601708628737,-0.0399571382,-0.00444500000000107));
#2873=CARTESIAN_POINT('',(-0.0346190452350586,-0.0399571382,-0.00461273584905699));
#2874=CARTESIAN_POINT('',(-3.28990307219002E-15,-0.0399571382,-1.84314369322536E-15));
#2875=CARTESIAN_POINT('',(0.0133147761912978,-0.0399571382,-0.0322873405528495));
#2876=CARTESIAN_POINT('',(0.0128306025116109,-0.0399571382,-0.0311132554418382));
#2877=CARTESIAN_POINT('',(0.0139304547744172,-0.0399571382,-0.0304782554418383));
#2878=CARTESIAN_POINT('',(-0.00812032225852738,-0.0399571382,0.00771481072559465));
#2879=CARTESIAN_POINT('',(0.0048372907747941,-0.0399571382,-0.0147284333929347));
#2880=CARTESIAN_POINT('',(0.00373743851198784,-0.0399571382,-0.0153634333929347));
#2881=CARTESIAN_POINT('',(0.00343724264757422,-0.0399571382,-0.0141294226786421));
#2882=CARTESIAN_POINT('',(-3.29770932783191E-15,-0.0399571382,-1.83924056540441E-15));
#2883=CARTESIAN_POINT('',(-0.0139550603043015,-0.0399571382,-0.00408797188755118));
#2884=CARTESIAN_POINT('',(-0.0151738428636282,-0.0399571382,-0.00444500000000146));
#2885=CARTESIAN_POINT('',(-0.00262106094449048,-0.0399571382,0.010889810725596));
#2886=CARTESIAN_POINT('',(0.0194297160884524,-0.0399571382,-0.0273032554418359));
#2887=CARTESIAN_POINT('',(0.0103365520888296,-0.0399571382,-0.0115534333929322));
#2888=CARTESIAN_POINT('',(0.0205295683512596,-0.0399571382,-0.0266682554418376));
#2889=CARTESIAN_POINT('',(0.0213042690437598,-0.0399571382,-0.0276746047037949));
#2890=CARTESIAN_POINT('',(3.23525928269675E-15,-0.0399571382,-1.94462501657E-15));
#2891=CARTESIAN_POINT('',(0.0213042690437583,-0.0399571382,0.0276746047037928));
#2892=CARTESIAN_POINT('',(0.0205295683512607,-0.0399571382,0.0266682554418346));
#2893=CARTESIAN_POINT('',(0.0194297160884546,-0.0399571382,0.0273032554418346));
#2894=CARTESIAN_POINT('',(-0.0275041358587215,-0.0399571382,-0.0539885607255901));
#2895=CARTESIAN_POINT('',(0.0103365520888314,-0.0399571382,0.0115534333929312));
#2896=CARTESIAN_POINT('',(0.0114364043516376,-0.0399571382,0.0109184333929311));
#2897=CARTESIAN_POINT('',(0.0105178176567249,-0.0399571382,0.0100414507910916));
#2898=CARTESIAN_POINT('',(3.24566762355261E-15,-0.0399571382,-1.93855348440408E-15));
#2899=CARTESIAN_POINT('',(0.0105178176567267,-0.0399571382,-0.0100414507910933));
#2900=CARTESIAN_POINT('',(0.0114364043516372,-0.0399571382,-0.0109184333929345));
#2901=CARTESIAN_POINT('',(5.98479599211999E-17,-0.0399571382,3.77605932633251E-15));
#2902=CARTESIAN_POINT('',(-0.0346190452350555,-0.0399571382,0.00461273584905657));
#2903=CARTESIAN_POINT('',(0.0133147761912984,-0.0399571382,0.032287340552851));
#2904=CARTESIAN_POINT('',(-0.0333601708628717,-0.0399571382,0.00444500000000356));
#2905=CARTESIAN_POINT('',(-0.0333601708628718,-0.0399571382,0.00317500000000362));
#2906=CARTESIAN_POINT('',(-0.0712489162344979,-0.0399571382,0.00317500000000362));
#2907=CARTESIAN_POINT('',(-0.0151738428636255,-0.0399571382,0.00317500000000357));
#2908=CARTESIAN_POINT('',(-0.0151738428636255,-0.0399571382,0.00444500000000356));
#2909=CARTESIAN_POINT('',(-0.0139550603042991,-0.0399571382,0.00408797188755048));
#2910=CARTESIAN_POINT('',(5.05238212378245E-17,-0.0399571382,3.77475828372554E-15));
#2911=CARTESIAN_POINT('',(0.0034372426475748,-0.0399571382,0.0141294226786445));
#2912=CARTESIAN_POINT('',(0.003737438511991,-0.0399571382,0.015363433392936));
#2913=CARTESIAN_POINT('',(0.0048372907747959,-0.0399571382,0.0147284333929337));
#2914=CARTESIAN_POINT('',(-0.033003397172759,-0.0399571382,-0.0508135607255875));
#2915=CARTESIAN_POINT('',(0.0139304547744194,-0.0399571382,0.030478255441837));
#2916=CARTESIAN_POINT('',(0.0128306025116141,-0.0399571382,0.0311132554418387));
#2917=CARTESIAN_POINT('',(-0.162373558018431,-0.0399571382,-0.094280887148106));
#2918=CARTESIAN_POINT('',(-0.160023558018431,-0.0399571382,-0.094280887148106));
#2919=CARTESIAN_POINT('',(-0.144057551939538,-0.0399571382,-0.0678938638920068));
#2920=CARTESIAN_POINT('',(-0.141707551939538,-0.0399571382,-0.0678938638920068));
#2921=CARTESIAN_POINT('',(-0.176067387449018,-0.0399571382,-0.0652252489598648));
#2922=CARTESIAN_POINT('',(-0.173717387449018,-0.0399571382,-0.0652252489598648));
#2923=CARTESIAN_POINT('',(-0.160832832468995,-0.0399571382,-0.0757999999999925));
#2924=CARTESIAN_POINT('',(-0.153245011739664,-0.0399571382,-0.0974487546195892));
#2925=CARTESIAN_POINT('',(-0.172700374818867,-0.0399571382,-0.0561682645042705));
#2926=CARTESIAN_POINT('',(-0.0970265782222268,-0.0399571382,-0.0104228444887088));
#2927=CARTESIAN_POINT('',(-0.0213527816255864,-0.0399571382,0.035322575526853));
#2928=CARTESIAN_POINT('',(6.24500451351651E-17,-0.0399571382,3.77822773067749E-15));
#2929=CARTESIAN_POINT('',(0.013652454254715,-0.0399571382,-0.0389517152102775));
#2930=CARTESIAN_POINT('',(-0.0697962787424744,-0.0399571382,-0.0682002349149333));
#2931=CARTESIAN_POINT('',(5.55111512312578E-17,-0.0399571382,3.77376684029293E-15));
#2932=CARTESIAN_POINT('',(0.00800000000000006,-0.0399571382,3.77376684029293E-15));
#2933=CARTESIAN_POINT('',(0.01857375,-0.0399571382,0.0321706786870846));
#2934=CARTESIAN_POINT('',(0.02027375,-0.0399571382,0.0321706786870846));
#2935=CARTESIAN_POINT('',(-0.0371475,-0.0399571382,3.77672659729327E-15));
#2936=CARTESIAN_POINT('',(-0.0354475,-0.0399571382,3.77672659729327E-15));
#2937=CARTESIAN_POINT('',(0.01857375,-0.0399571382,-0.032170678687077));
#2938=CARTESIAN_POINT('',(0.02027375,-0.0399571382,-0.032170678687077));
#2939=CARTESIAN_POINT('',(-0.0476960653291786,-0.0399571382,-0.0133531364148859));
#2940=CARTESIAN_POINT('',(-0.0428041611928526,-0.0399571382,-0.0119835839620767));
#2941=CARTESIAN_POINT('',(-0.0455303510434644,-0.0399571382,-0.0179483601997144));
#2942=CARTESIAN_POINT('',(1.04083408558608E-16,-0.0399571382,3.78343190110542E-15));
#2943=CARTESIAN_POINT('',(-0.0442196394721484,-0.0399571382,-0.00451951158346983));
#2944=CARTESIAN_POINT('',(-0.0492733125546797,-0.0399571382,-0.00503602719300968));
#2945=CARTESIAN_POINT('',(-0.0445818329067153,-0.0399571382,-0.00308758712137919));
#2946=CARTESIAN_POINT('',(-0.0371475,-0.0399571382,3.77672659729327E-15));
#2947=CARTESIAN_POINT('',(-0.0451793571842893,-0.0399571382,0.000540157542929838));
#2948=CARTESIAN_POINT('',(-0.0502479080533812,-0.0399571382,0.000881027147658335));
#2949=CARTESIAN_POINT('',(-0.052867900784323,-0.0399571382,0.00523327232570289));
#2950=CARTESIAN_POINT('',(-0.0813678281875001,-0.0399571382,-0.0119232984955765));
#2951=CARTESIAN_POINT('',(-0.0691484991676236,-0.0399571382,-0.00456742769800193));
#2952=CARTESIAN_POINT('',(-0.0665285064366818,-0.0399571382,-0.00891967287604649));
#2953=CARTESIAN_POINT('',(-0.071563454993893,-0.0399571382,-0.00959472326397019));
#2954=CARTESIAN_POINT('',(3.88578058618805E-16,-0.0399571382,3.91613824701764E-15));
#2955=CARTESIAN_POINT('',(-0.0686033255695829,-0.0399571382,-0.0225160059950437));
#2956=CARTESIAN_POINT('',(-0.0637766411239263,-0.0399571382,-0.0209318604013381));
#2957=CARTESIAN_POINT('',(-0.0616109268382121,-0.0399571382,-0.0255270841861666));
#2958=CARTESIAN_POINT('',(-0.0707333415291632,-0.0399571382,-0.0298264490792606));
#2959=CARTESIAN_POINT('',(-0.0712489162344979,-0.0463071382,-0.0287324999999945));
#2960=CARTESIAN_POINT('',(5.13478148889135E-16,-0.0463071382,4.05925293378573E-15));
#2961=CARTESIAN_POINT('',(-0.098356731418202,-0.0463071382,-0.064188101385561));
#2962=CARTESIAN_POINT('',(-0.102275152869004,-0.0463071382,-0.0577403851769041));
#2963=CARTESIAN_POINT('',(-0.0978514470709359,-0.0463071382,-0.0552429410810059));
#2964=CARTESIAN_POINT('',(-0.10001716135665,-0.0463071382,-0.0506477172961774));
#2965=CARTESIAN_POINT('',(-0.0680261986720204,-0.0463071382,-0.0355704788102962));
#2966=CARTESIAN_POINT('',(-0.0739297520765335,-0.0463071382,-0.0383528046649897));
#2967=CARTESIAN_POINT('',(-0.0717640377908193,-0.0463071382,-0.0429480284498181));
#2968=CARTESIAN_POINT('',(-0.0674050182291918,-0.0463071382,-0.040339322168661));
#2969=CARTESIAN_POINT('',(-3.12250225675825E-17,-0.0463071382,3.6949610038306E-15));
#2970=CARTESIAN_POINT('',(-0.0619232605990372,-0.0463071382,-0.0483343272663267));
#2971=CARTESIAN_POINT('',(-0.0659277800155761,-0.0463071382,-0.0514600630585143));
#2972=CARTESIAN_POINT('',(-0.064235891424043,-0.0463071382,-0.0562500435379985));
#2973=CARTESIAN_POINT('',(-0.061829548027237,-0.0463071382,-0.055400089147202));
#2974=CARTESIAN_POINT('',(-0.0924106204583969,-0.0463071382,-0.0662017547875389));
#2975=CARTESIAN_POINT('',(-0.0941025090499301,-0.0463071382,-0.0614117743080547));
#2976=CARTESIAN_POINT('',(-0.160832832468995,-0.0463071382,-0.0757999999999925));
#2977=CARTESIAN_POINT('',(-0.135105890717055,-0.0463071382,-0.0713147248587974));
#2978=CARTESIAN_POINT('',(-0.134762214805815,-0.0463071382,-0.0742781196958212));
#2979=CARTESIAN_POINT('',(-0.130101377444994,-0.0463071382,-0.0704422302113813));
#2980=CARTESIAN_POINT('',(-0.132267091730708,-0.0463071382,-0.0658470064265528));
#2981=CARTESIAN_POINT('',(-0.0680261986720204,-0.0463071382,-0.0355704788102962));
#2982=CARTESIAN_POINT('',(-0.114986901276005,-0.0463071382,-0.057702907884242));
#2983=CARTESIAN_POINT('',(-0.11282118699029,-0.0463071382,-0.0622981316690704));
#2984=CARTESIAN_POINT('',(-0.108374118915452,-0.0463071382,-0.059842528782252));
#2985=CARTESIAN_POINT('',(5.13478148889135E-16,-0.0463071382,4.05925293378573E-15));
#2986=CARTESIAN_POINT('',(-0.105725413564215,-0.0463071382,-0.0644066365247465));
#2987=CARTESIAN_POINT('',(-0.110063793576581,-0.0463071382,-0.0670495248818865));
#2988=CARTESIAN_POINT('',(-0.108371904985048,-0.0463071382,-0.0718395053613707));
#2989=CARTESIAN_POINT('',(-0.061829548027237,-0.0463071382,-0.0554000891472019));
#2990=CARTESIAN_POINT('',(-0.127998959653724,-0.0463071382,-0.078772057596512));
#2991=CARTESIAN_POINT('',(-0.129690848245257,-0.0463071382,-0.0739820771170278));
#2992=CARTESIAN_POINT('',(-0.0813678281875001,-0.0463071382,-0.0119232984955766));
#2993=CARTESIAN_POINT('',(-0.142245159012565,-0.0463071382,-0.0485706282566431));
#2994=CARTESIAN_POINT('',(-0.124400431848094,-0.0463071382,-0.0378283438622789));
#2995=CARTESIAN_POINT('',(-0.121780439117152,-0.0463071382,-0.0421805890403235));
#2996=CARTESIAN_POINT('',(-0.11698022457071,-0.0463071382,-0.0405179585016529));
#2997=CARTESIAN_POINT('',(-3.88578058618805E-16,-0.0463071382,3.61169427698372E-15));
#2998=CARTESIAN_POINT('',(-0.115135251264294,-0.0463071382,-0.0454967231574215));
#2999=CARTESIAN_POINT('',(-0.119859758418862,-0.0463071382,-0.0473636543683779));
#3000=CARTESIAN_POINT('',(-0.117694044133147,-0.0463071382,-0.0519588781532064));
#3001=CARTESIAN_POINT('',(-0.0707333415291632,-0.0463071382,-0.0298264490792606));
#3002=CARTESIAN_POINT('',(-0.134974234587851,-0.0463071382,-0.0601029766955171));
#3003=CARTESIAN_POINT('',(-0.137139948873565,-0.0463071382,-0.0555077529106886));
#3004=CARTESIAN_POINT('',(-0.140998254649003,-0.0463071382,-0.0588122765591472));
#3005=CARTESIAN_POINT('',(-0.160832832468995,-0.0463071382,-0.0757999999999926));
#3006=CARTESIAN_POINT('',(-0.143078762826962,-0.0463071382,-0.0566483359431585));
#3007=CARTESIAN_POINT('',(-0.139625166281623,-0.0463071382,-0.0529228734346876));
#3008=CARTESIAN_POINT('',(-0.0813678281875001,-0.0463071382,-0.0119232984955765));
#3009=CARTESIAN_POINT('',(-0.109894834689484,-0.0463071382,-0.0290961705680798));
#3010=CARTESIAN_POINT('',(-0.0842866037184987,-0.0463071382,-0.0136803618873735));
#3011=CARTESIAN_POINT('',(-0.0816666109875569,-0.0463071382,-0.0180326070654181));
#3012=CARTESIAN_POINT('',(-0.0767060992077679,-0.0463071382,-0.016937288443932));
#3013=CARTESIAN_POINT('',(3.88578058618805E-16,-0.0463071382,3.91613824701764E-15));
#3014=CARTESIAN_POINT('',(-0.0740160597766757,-0.0463071382,-0.0263119799832773));
#3015=CARTESIAN_POINT('',(-0.0788026092193905,-0.0463071382,-0.0280135511491255));
#3016=CARTESIAN_POINT('',(-0.0766368949336763,-0.0463071382,-0.032608774933954));
#3017=CARTESIAN_POINT('',(-0.0707333415291632,-0.0463071382,-0.0298264490792606));
#3018=CARTESIAN_POINT('',(-0.102724304213793,-0.0463071382,-0.0449036875651418));
#3019=CARTESIAN_POINT('',(-0.104890018499507,-0.0463071382,-0.0403084637803133));
#3020=CARTESIAN_POINT('',(-0.109631926737812,-0.0463071382,-0.0421307442909628));
#3021=CARTESIAN_POINT('',(-3.88578058618805E-16,-0.0463071382,3.61169427698372E-15));
#3022=CARTESIAN_POINT('',(-0.112124564211652,-0.0463071382,-0.0349605645707102));
#3023=CARTESIAN_POINT('',(-0.107274841958542,-0.0463071382,-0.0334484157461243));
#3024=CARTESIAN_POINT('',(-3.12250225675825E-17,-0.0463071382,3.6949610038306E-15));
#3025=CARTESIAN_POINT('',(-0.0530059696558967,-0.0463071382,-0.0490280938443765));
#3026=CARTESIAN_POINT('',(-0.0610320675235413,-0.0463071382,-0.0385807405187718));
#3027=CARTESIAN_POINT('',(-0.0567380696953551,-0.0463071382,-0.0358663377020307));
#3028=CARTESIAN_POINT('',(-0.0589037839810693,-0.0463071382,-0.0312711139172022));
#3029=CARTESIAN_POINT('',(-0.0680261986720204,-0.0463071382,-0.0355704788102962));
#3030=CARTESIAN_POINT('',(-0.0428232081863217,-0.0463071382,-0.02369238993075));
#3031=CARTESIAN_POINT('',(-0.0406574939006075,-0.0463071382,-0.0282876137155785));
#3032=CARTESIAN_POINT('',(-0.0364874945261861,-0.0463071382,-0.0253863200011597));
#3033=CARTESIAN_POINT('',(6.50521303491303E-17,-0.0463071382,3.77822773067749E-15));
#3034=CARTESIAN_POINT('',(-0.0274340263796206,-0.0463071382,-0.0349739431091485));
#3035=CARTESIAN_POINT('',(-0.0305693436801487,-0.0463071382,-0.0389709651787659));
#3036=CARTESIAN_POINT('',(-0.0288774550886155,-0.0463071382,-0.0437609456582502));
#3037=CARTESIAN_POINT('',(-0.061829548027237,-0.0463071382,-0.0554000891472019));
#3038=CARTESIAN_POINT('',(-0.047584770755557,-0.0463071382,-0.0503686331197482));
#3039=CARTESIAN_POINT('',(-0.0492766593470901,-0.0463071382,-0.045578652640264));
#3040=CARTESIAN_POINT('',(0.01857375,-0.0463071382,-0.032170678687077));
#3041=CARTESIAN_POINT('',(0.02027375,-0.0463071382,-0.032170678687077));
#3042=CARTESIAN_POINT('',(-0.0371475,-0.0463071382,3.77672659729327E-15));
#3043=CARTESIAN_POINT('',(-0.0354475,-0.0463071382,3.77672659729327E-15));
#3044=CARTESIAN_POINT('',(0.01857375,-0.0463071382,0.0321706786870846));
#3045=CARTESIAN_POINT('',(0.02027375,-0.0463071382,0.0321706786870846));
#3046=CARTESIAN_POINT('',(-0.0970265782222268,-0.0463071382,-0.0104228444887088));
#3047=CARTESIAN_POINT('',(-0.172700374818867,-0.0463071382,-0.0561682645042706));
#3048=CARTESIAN_POINT('',(-0.0213527816255864,-0.0463071382,0.035322575526853));
#3049=CARTESIAN_POINT('',(-0.160832832468995,-0.0463071382,-0.0757999999999925));
#3050=CARTESIAN_POINT('',(-0.153245011739664,-0.0463071382,-0.0974487546195892));
#3051=CARTESIAN_POINT('',(-0.0697962787424744,-0.0463071382,-0.0682002349149333));
#3052=CARTESIAN_POINT('',(0.013652454254715,-0.0463071382,-0.0389517152102775));
#3053=CARTESIAN_POINT('',(6.24500451351651E-17,-0.0463071382,3.77822773067749E-15));
#3054=CARTESIAN_POINT('',(0.,-0.0463071382,6.12323399573677E-19));
#3055=CARTESIAN_POINT('',(-0.01,-0.0463071382,6.12323399573677E-19));
#3056=CARTESIAN_POINT('',(-0.0333601708628717,-0.0463071382,0.00444500000000356));
#3057=CARTESIAN_POINT('',(-0.0346190452350555,-0.0463071382,0.00461273584905657));
#3058=CARTESIAN_POINT('',(-0.0333601708628718,-0.0463071382,0.00317500000000362));
#3059=CARTESIAN_POINT('',(5.98479599211999E-17,-0.0463071382,3.77605932633251E-15));
#3060=CARTESIAN_POINT('',(0.0133147761912984,-0.0463071382,0.032287340552851));
#3061=CARTESIAN_POINT('',(0.0128306025116141,-0.0463071382,0.0311132554418387));
#3062=CARTESIAN_POINT('',(0.0139304547744194,-0.0463071382,0.030478255441837));
#3063=CARTESIAN_POINT('',(0.00938387277460764,-0.0463071382,0.0226033444173853));
#3064=CARTESIAN_POINT('',(0.0048372907747959,-0.0463071382,0.0147284333929337));
#3065=CARTESIAN_POINT('',(0.003737438511991,-0.0463071382,0.015363433392936));
#3066=CARTESIAN_POINT('',(0.0034372426475748,-0.0463071382,0.0141294226786445));
#3067=CARTESIAN_POINT('',(5.05238212378245E-17,-0.0463071382,3.77475828372554E-15));
#3068=CARTESIAN_POINT('',(-0.0139550603042991,-0.0463071382,0.00408797188755048));
#3069=CARTESIAN_POINT('',(-0.0151738428636255,-0.0463071382,0.00444500000000356));
#3070=CARTESIAN_POINT('',(-0.0151738428636255,-0.0463071382,0.00317500000000357));
#3071=CARTESIAN_POINT('',(-0.0242670068632487,-0.0463071382,0.00317500000000362));
#3072=CARTESIAN_POINT('',(0.0205295683512596,-0.0463071382,-0.0266682554418376));
#3073=CARTESIAN_POINT('',(0.0194297160884524,-0.0463071382,-0.0273032554418359));
#3074=CARTESIAN_POINT('',(0.0213042690437598,-0.0463071382,-0.0276746047037949));
#3075=CARTESIAN_POINT('',(0.0148831340886411,-0.0463071382,-0.0194283444173841));
#3076=CARTESIAN_POINT('',(0.0103365520888296,-0.0463071382,-0.0115534333929322));
#3077=CARTESIAN_POINT('',(0.0114364043516372,-0.0463071382,-0.0109184333929345));
#3078=CARTESIAN_POINT('',(0.0105178176567263,-0.0463071382,-0.010041450791093));
#3079=CARTESIAN_POINT('',(3.24566762355261E-15,-0.0463071382,-1.93855348440408E-15));
#3080=CARTESIAN_POINT('',(0.0105178176567249,-0.0463071382,0.0100414507910916));
#3081=CARTESIAN_POINT('',(0.0114364043516376,-0.0463071382,0.0109184333929311));
#3082=CARTESIAN_POINT('',(0.0103365520888314,-0.0463071382,0.0115534333929312));
#3083=CARTESIAN_POINT('',(0.0148831340886431,-0.0463071382,0.0194283444173829));
#3084=CARTESIAN_POINT('',(0.0194297160884546,-0.0463071382,0.0273032554418346));
#3085=CARTESIAN_POINT('',(0.0205295683512607,-0.0463071382,0.0266682554418346));
#3086=CARTESIAN_POINT('',(0.0213042690437583,-0.0463071382,0.0276746047037928));
#3087=CARTESIAN_POINT('',(3.23525928269675E-15,-0.0463071382,-1.94462501657E-15));
#3088=CARTESIAN_POINT('',(-0.0333601708628737,-0.0463071382,-0.00444500000000107));
#3089=CARTESIAN_POINT('',(-0.0333601708628718,-0.0463071382,-0.00317500000000108));
#3090=CARTESIAN_POINT('',(-0.0346190452350586,-0.0463071382,-0.00461273584905699));
#3091=CARTESIAN_POINT('',(-0.0242670068632487,-0.0463071382,-0.00317500000000127));
#3092=CARTESIAN_POINT('',(-0.0151738428636255,-0.0463071382,-0.00317500000000146));
#3093=CARTESIAN_POINT('',(-0.0151738428636282,-0.0463071382,-0.00444500000000146));
#3094=CARTESIAN_POINT('',(-0.013955060304301,-0.0463071382,-0.00408797188755104));
#3095=CARTESIAN_POINT('',(-3.29770932783191E-15,-0.0463071382,-1.83924056540441E-15));
#3096=CARTESIAN_POINT('',(0.00343724264757422,-0.0463071382,-0.0141294226786421));
#3097=CARTESIAN_POINT('',(0.00373743851198784,-0.0463071382,-0.0153634333929347));
#3098=CARTESIAN_POINT('',(0.0048372907747941,-0.0463071382,-0.0147284333929347));
#3099=CARTESIAN_POINT('',(0.00938387277460561,-0.0463071382,-0.0226033444173865));
#3100=CARTESIAN_POINT('',(0.0139304547744172,-0.0463071382,-0.0304782554418383));
#3101=CARTESIAN_POINT('',(0.0128306025116109,-0.0463071382,-0.0311132554418382));
#3102=CARTESIAN_POINT('',(0.0133147761912978,-0.0463071382,-0.0322873405528495));
#3103=CARTESIAN_POINT('',(-3.28990307219002E-15,-0.0463071382,-1.84314369322536E-15));
#3104=CARTESIAN_POINT('',(-0.0371475,-0.0463071382,3.77672659729327E-15));
#3105=CARTESIAN_POINT('',(-0.0445818329067153,-0.0463071382,-0.00308758712137919));
#3106=CARTESIAN_POINT('',(-0.0451793571842893,-0.0463071382,0.000540157542929838));
#3107=CARTESIAN_POINT('',(-0.0492733125546797,-0.0463071382,-0.00503602719300968));
#3108=CARTESIAN_POINT('',(-0.0442196394721484,-0.0463071382,-0.00451951158346983));
#3109=CARTESIAN_POINT('',(1.04083408558608E-16,-0.0463071382,3.78343190110542E-15));
#3110=CARTESIAN_POINT('',(-0.0428041611928526,-0.0463071382,-0.0119835839620767));
#3111=CARTESIAN_POINT('',(-0.0476960653291786,-0.0463071382,-0.0133531364148859));
#3112=CARTESIAN_POINT('',(-0.0455303510434644,-0.0463071382,-0.0179483601997144));
#3113=CARTESIAN_POINT('',(-0.0707333415291632,-0.0463071382,-0.0298264490792606));
#3114=CARTESIAN_POINT('',(-0.0616109268382121,-0.0463071382,-0.0255270841861666));
#3115=CARTESIAN_POINT('',(-0.0637766411239263,-0.0463071382,-0.0209318604013381));
#3116=CARTESIAN_POINT('',(-0.0686033255695829,-0.0463071382,-0.0225160059950437));
#3117=CARTESIAN_POINT('',(3.88578058618805E-16,-0.0463071382,3.91613824701764E-15));
#3118=CARTESIAN_POINT('',(-0.071563454993893,-0.0463071382,-0.00959472326397019));
#3119=CARTESIAN_POINT('',(-0.0665285064366818,-0.0463071382,-0.00891967287604649));
#3120=CARTESIAN_POINT('',(-0.0691484991676236,-0.0463071382,-0.00456742769800193));
#3121=CARTESIAN_POINT('',(-0.0813678281875001,-0.0463071382,-0.0119232984955765));
#3122=CARTESIAN_POINT('',(-0.052867900784323,-0.0463071382,0.00523327232570289));
#3123=CARTESIAN_POINT('',(-0.0502479080533812,-0.0463071382,0.000881027147658335));
#3124=CARTESIAN_POINT('',(5.55111512312578E-17,-0.0399571382,3.77376684029293E-15));
#3125=CARTESIAN_POINT('',(5.55111512312578E-17,-0.0445071382,3.77376684029293E-15));
#3126=CARTESIAN_POINT('',(-0.00799999999999994,-0.0445071382,3.77376684029293E-15));
#3127=CARTESIAN_POINT('',(-0.160832832468995,-0.0399571382,-0.0757999999999925));
#3128=CARTESIAN_POINT('',(-0.147996469486267,-0.0574138681608386,-0.094872872070956));
#3129=CARTESIAN_POINT('',(-0.146828249586067,-0.0539263500076655,-0.0939576414814908));
#3130=CARTESIAN_POINT('',(-0.147995782084472,-0.0504435610084995,-0.0948721388029847));
#3131=CARTESIAN_POINT('',(-0.151003055615479,-0.049001490239014,-0.0966462665476222));
#3132=CARTESIAN_POINT('',(-0.154295872072032,-0.0504433118543866,-0.0978413390802271));
#3133=CARTESIAN_POINT('',(-0.155740000297462,-0.0539255912412198,-0.0981580375802995));
#3134=CARTESIAN_POINT('',(-0.15429922424175,-0.05740637765426,-0.0978420868594446));
#3135=CARTESIAN_POINT('',(-0.151009948035823,-0.0588531441099063,-0.096649620496215));
#3136=CARTESIAN_POINT('',(-0.147996469486267,-0.0574138681608386,-0.094872872070956));
#3137=CARTESIAN_POINT('',(-0.146828249586067,-0.0539263500076655,-0.0939576414814908));
#3138=CARTESIAN_POINT('',(-0.147995782084472,-0.0504435610084995,-0.0948721388029847));
#3139=CARTESIAN_POINT('',(-0.147217541652501,-0.0539271382,-0.0942625961333173));
#3140=CARTESIAN_POINT('',(-0.167372960730062,-0.0504404082391614,-0.0537597326243796));
#3141=CARTESIAN_POINT('',(-0.165923492898958,-0.0539279263923345,-0.0534412553509233));
#3142=CARTESIAN_POINT('',(-0.167371957646351,-0.0574107153915005,-0.0537596691719339));
#3143=CARTESIAN_POINT('',(-0.17065443002545,-0.058852786160986,-0.0549498785757945));
#3144=CARTESIAN_POINT('',(-0.173672038377117,-0.0574109645456134,-0.0567288890902897));
#3145=CARTESIAN_POINT('',(-0.174835487693388,-0.0539286851587802,-0.0576411335530852));
#3146=CARTESIAN_POINT('',(-0.173674748776735,-0.05044789874574,-0.0567309985806268));
#3147=CARTESIAN_POINT('',(-0.170661403871754,-0.0490011322900938,-0.0549530597543635));
#3148=CARTESIAN_POINT('',(-0.167372960730062,-0.0504404082391614,-0.0537597326243796));
#3149=CARTESIAN_POINT('',(-0.165923492898958,-0.0539279263923345,-0.0534412553509233));
#3150=CARTESIAN_POINT('',(-0.167371957646351,-0.0574107153915005,-0.0537596691719339));
#3151=CARTESIAN_POINT('',(-0.166406481662041,-0.0539271382,-0.0535474038666678));
#3152=CARTESIAN_POINT('',(-0.153245011739664,-0.0399571382,-0.0974487546195892));
#3153=CARTESIAN_POINT('',(-0.172700374818867,-0.0399571382,-0.0561682645042705));
#3154=CARTESIAN_POINT('',(-0.160832832468995,-0.1201258882,-0.0757999999999925));
#3155=CARTESIAN_POINT('',(-0.137892832468996,-0.1201258882,-0.0757999999999925));
#3156=CARTESIAN_POINT('',(-0.0970265782222268,-0.0399571382,-0.0104228444887088));
#3157=CARTESIAN_POINT('',(-0.0213527816255864,-0.0399571382,0.035322575526853));
#3158=CARTESIAN_POINT('',(6.24500451351651E-17,-0.0399571382,3.77822773067749E-15));
#3159=CARTESIAN_POINT('',(0.013652454254715,-0.0399571382,-0.0389517152102775));
#3160=CARTESIAN_POINT('',(-0.0371475,-0.0399571382,3.77672659729327E-15));
#3161=CARTESIAN_POINT('',(0.01857375,-0.0399571382,0.0321706786870846));
#3162=CARTESIAN_POINT('',(-0.0697962787424744,-0.0399571382,-0.0682002349149333));
#3163=CARTESIAN_POINT('',(0.01857375,-0.0399571382,-0.032170678687077));
#3164=CARTESIAN_POINT('',(0.,-0.0445071382,6.12323399573677E-19));
#3165=CARTESIAN_POINT('',(0.,-0.0445071382,6.12323399573677E-19));
#3166=CARTESIAN_POINT('',(-0.01,-0.0445071382,6.12323399573677E-19));
#3167=CARTESIAN_POINT('',(-0.0712489162344979,-0.0445071382,-0.0287324999999946));
#3168=CARTESIAN_POINT('',(-0.160832832468995,-0.0539271382,-0.0757999999999925));
#3169=CARTESIAN_POINT('',(-0.174085218203218,-0.0539271382,-0.0636070055302447));
#3170=CARTESIAN_POINT('',(-0.170658087743151,-0.0539271382,-0.0653791209040367));
#3171=CARTESIAN_POINT('',(-0.150505796137863,-0.0539271382,-0.108138357574481));
#3172=CARTESIAN_POINT('',(5.55111512312578E-17,-0.1201258882,3.77475828372535E-15));
#3173=CARTESIAN_POINT('',(-0.176067387449018,-0.0449571382,-0.0652252489598648));
#3174=CARTESIAN_POINT('',(-0.176067387449018,-0.0449571382,-0.0652252489598648));
#3175=CARTESIAN_POINT('',(-0.173717387449018,-0.0449571382,-0.0652252489598648));
#3176=CARTESIAN_POINT('',(-0.0712489162344979,-0.0449571382,-0.0287324999999946));
#3177=CARTESIAN_POINT('',(-0.144057551939538,-0.0449571382,-0.0678938638920068));
#3178=CARTESIAN_POINT('',(-0.144057551939538,-0.0449571382,-0.0678938638920068));
#3179=CARTESIAN_POINT('',(-0.141707551939538,-0.0449571382,-0.0678938638920068));
#3180=CARTESIAN_POINT('',(-0.0712489162344979,-0.0449571382,-0.0287324999999946));
#3181=CARTESIAN_POINT('',(-0.162373558018431,-0.0449571382,-0.094280887148106));
#3182=CARTESIAN_POINT('',(-0.162373558018431,-0.0449571382,-0.094280887148106));
#3183=CARTESIAN_POINT('',(-0.160023558018431,-0.0449571382,-0.094280887148106));
#3184=CARTESIAN_POINT('',(-0.0712489162344979,-0.0449571382,-0.0287324999999946));
#3185=CARTESIAN_POINT('',(5.98479599211999E-17,-0.0209071382,3.77605932633251E-15));
#3186=CARTESIAN_POINT('',(0.0133147761912984,-0.0209071382,0.032287340552851));
#3187=CARTESIAN_POINT('',(-0.0346190452350555,-0.0209071382,0.00461273584905657));
#3188=CARTESIAN_POINT('',(-0.0333601708628717,-0.0209071382,0.00444500000000356));
#3189=CARTESIAN_POINT('',(-0.0333601708628718,-0.0209071382,0.00317500000000362));
#3190=CARTESIAN_POINT('',(-0.0242670068632487,-0.0209071382,0.00317500000000362));
#3191=CARTESIAN_POINT('',(-0.0151738428636255,-0.0209071382,0.00317500000000357));
#3192=CARTESIAN_POINT('',(-0.0151738428636255,-0.0209071382,0.00444500000000356));
#3193=CARTESIAN_POINT('',(-0.0139550603042991,-0.0209071382,0.00408797188755048));
#3194=CARTESIAN_POINT('',(5.05238212378245E-17,-0.0209071382,3.77475828372554E-15));
#3195=CARTESIAN_POINT('',(0.0034372426475748,-0.0209071382,0.0141294226786445));
#3196=CARTESIAN_POINT('',(0.003737438511991,-0.0209071382,0.015363433392936));
#3197=CARTESIAN_POINT('',(0.0048372907747959,-0.0209071382,0.0147284333929337));
#3198=CARTESIAN_POINT('',(0.00938387277460764,-0.0209071382,0.0226033444173853));
#3199=CARTESIAN_POINT('',(0.0139304547744194,-0.0209071382,0.030478255441837));
#3200=CARTESIAN_POINT('',(0.0128306025116141,-0.0209071382,0.0311132554418387));
#3201=CARTESIAN_POINT('',(0.0148831340886411,-0.0209071382,-0.0194283444173841));
#3202=CARTESIAN_POINT('',(0.0103365520888296,-0.0209071382,-0.0115534333929322));
#3203=CARTESIAN_POINT('',(0.0194297160884524,-0.0209071382,-0.0273032554418359));
#3204=CARTESIAN_POINT('',(0.0205295683512596,-0.0209071382,-0.0266682554418376));
#3205=CARTESIAN_POINT('',(0.0213042690437598,-0.0209071382,-0.0276746047037949));
#3206=CARTESIAN_POINT('',(3.23525928269675E-15,-0.0209071382,-1.94462501657E-15));
#3207=CARTESIAN_POINT('',(0.0213042690437583,-0.0209071382,0.0276746047037928));
#3208=CARTESIAN_POINT('',(0.0205295683512607,-0.0209071382,0.0266682554418346));
#3209=CARTESIAN_POINT('',(0.0194297160884546,-0.0209071382,0.0273032554418346));
#3210=CARTESIAN_POINT('',(0.0148831340886431,-0.0209071382,0.0194283444173829));
#3211=CARTESIAN_POINT('',(0.0103365520888314,-0.0209071382,0.0115534333929312));
#3212=CARTESIAN_POINT('',(0.0114364043516376,-0.0209071382,0.0109184333929311));
#3213=CARTESIAN_POINT('',(0.0105178176567249,-0.0209071382,0.0100414507910916));
#3214=CARTESIAN_POINT('',(3.24566762355261E-15,-0.0209071382,-1.93855348440408E-15));
#3215=CARTESIAN_POINT('',(0.0105178176567267,-0.0209071382,-0.0100414507910933));
#3216=CARTESIAN_POINT('',(0.0114364043516372,-0.0209071382,-0.0109184333929345));
#3217=CARTESIAN_POINT('',(-0.0242670068632487,-0.0209071382,-0.00317500000000127));
#3218=CARTESIAN_POINT('',(-0.0151738428636255,-0.0209071382,-0.00317500000000146));
#3219=CARTESIAN_POINT('',(-0.0333601708628718,-0.0209071382,-0.00317500000000108));
#3220=CARTESIAN_POINT('',(-0.0333601708628737,-0.0209071382,-0.00444500000000107));
#3221=CARTESIAN_POINT('',(-0.0346190452350586,-0.0209071382,-0.00461273584905699));
#3222=CARTESIAN_POINT('',(-3.28990307219002E-15,-0.0209071382,-1.84314369322536E-15));
#3223=CARTESIAN_POINT('',(0.0133147761912978,-0.0209071382,-0.0322873405528495));
#3224=CARTESIAN_POINT('',(0.0128306025116109,-0.0209071382,-0.0311132554418382));
#3225=CARTESIAN_POINT('',(0.0139304547744172,-0.0209071382,-0.0304782554418383));
#3226=CARTESIAN_POINT('',(0.00938387277460561,-0.0209071382,-0.0226033444173865));
#3227=CARTESIAN_POINT('',(0.0048372907747941,-0.0209071382,-0.0147284333929347));
#3228=CARTESIAN_POINT('',(0.00373743851198784,-0.0209071382,-0.0153634333929347));
#3229=CARTESIAN_POINT('',(0.00343724264757422,-0.0209071382,-0.0141294226786421));
#3230=CARTESIAN_POINT('',(-3.29770932783191E-15,-0.0209071382,-1.83924056540441E-15));
#3231=CARTESIAN_POINT('',(-0.0139550603043015,-0.0209071382,-0.00408797188755118));
#3232=CARTESIAN_POINT('',(-0.0151738428636282,-0.0209071382,-0.00444500000000146));
#3233=CARTESIAN_POINT('',(-0.0371475,-0.1315558882,3.77672659729327E-15));
#3234=CARTESIAN_POINT('',(-0.0451793571842893,-0.0399571382,0.000540157542929838));
#3235=CARTESIAN_POINT('',(-0.0445818329067153,-0.1252058882,-0.00308758712137919));
#3236=CARTESIAN_POINT('',(-0.0544128875955233,-0.1283808882,0.00430321116206127));
#3237=CARTESIAN_POINT('',(-0.0691484991676236,-0.1283808882,-0.00456742769800193));
#3238=CARTESIAN_POINT('',(-0.052867900784323,-0.1315558882,0.00523327232570289));
#3239=CARTESIAN_POINT('',(1.04083408558608E-16,-0.1283808882,3.78343190110542E-15));
#3240=CARTESIAN_POINT('',(-0.0442196394721484,-0.0399571382,-0.00451951158346983));
#3241=CARTESIAN_POINT('',(-0.0428041611928526,-0.1252058882,-0.0119835839620767));
#3242=CARTESIAN_POINT('',(3.88578058618805E-16,-0.1283808882,3.91613824701764E-15));
#3243=CARTESIAN_POINT('',(-0.0686033255695829,-0.0399571382,-0.0225160059950437));
#3244=CARTESIAN_POINT('',(-0.071563454993893,-0.1252058882,-0.00959472326397019));
#3245=CARTESIAN_POINT('',(-0.0541144232946231,-0.1283808882,-0.0219940060212119));
#3246=CARTESIAN_POINT('',(-0.0455303510434644,-0.1283808882,-0.0179483601997144));
#3247=CARTESIAN_POINT('',(-0.0616109268382121,-0.1283808882,-0.0255270841861666));
#3248=CARTESIAN_POINT('',(-0.0502479080533812,-0.1315558882,0.000881027147658335));
#3249=CARTESIAN_POINT('',(-0.0492733125546797,-0.1315558882,-0.00503602719300968));
#3250=CARTESIAN_POINT('',(-0.0476960653291786,-0.1283808882,-0.0133531364148859));
#3251=CARTESIAN_POINT('',(-0.0665285064366818,-0.1283808882,-0.00891967287604649));
#3252=CARTESIAN_POINT('',(-0.0637766411239263,-0.1283808882,-0.0209318604013381));
#3253=CARTESIAN_POINT('',(6.50521303491303E-17,-0.1283808882,3.77822773067749E-15));
#3254=CARTESIAN_POINT('',(-0.0364874945261861,-0.0399571382,-0.0253863200011597));
#3255=CARTESIAN_POINT('',(-0.0274340263796206,-0.1252058882,-0.0349739431091485));
#3256=CARTESIAN_POINT('',(-0.0314283419906103,-0.1283808882,-0.0446619548515572));
#3257=CARTESIAN_POINT('',(-0.0288774550886155,-0.1283808882,-0.0437609456582502));
#3258=CARTESIAN_POINT('',(-0.047584770755557,-0.1283808882,-0.0503686331197482));
#3259=CARTESIAN_POINT('',(-3.12250225675825E-17,-0.1283808882,3.6949610038306E-15));
#3260=CARTESIAN_POINT('',(-0.0530059696558967,-0.0399571382,-0.0490280938443765));
#3261=CARTESIAN_POINT('',(-0.0610320675235413,-0.1252058882,-0.0385807405187718));
#3262=CARTESIAN_POINT('',(-0.0514072804374803,-0.1283808882,-0.0277380357522475));
#3263=CARTESIAN_POINT('',(-0.0589037839810693,-0.1283808882,-0.0312711139172022));
#3264=CARTESIAN_POINT('',(-0.0428232081863217,-0.1283808882,-0.02369238993075));
#3265=CARTESIAN_POINT('',(-0.0567380696953551,-0.1283808882,-0.0358663377020307));
#3266=CARTESIAN_POINT('',(-0.0406574939006075,-0.1283808882,-0.0282876137155785));
#3267=CARTESIAN_POINT('',(-0.0492766593470901,-0.1283808882,-0.045578652640264));
#3268=CARTESIAN_POINT('',(-0.0305693436801487,-0.1283808882,-0.0389709651787659));
#3269=CARTESIAN_POINT('',(-3.88578058618805E-16,-0.1283808882,3.61169427698372E-15));
#3270=CARTESIAN_POINT('',(-0.109631926737812,-0.0399571382,-0.0421307442909628));
#3271=CARTESIAN_POINT('',(-0.112124564211652,-0.1252058882,-0.0349605645707102));
#3272=CARTESIAN_POINT('',(-0.0944483153903647,-0.1283808882,-0.0197975748717251));
#3273=CARTESIAN_POINT('',(-0.109894834689484,-0.1283808882,-0.0290961705680798));
#3274=CARTESIAN_POINT('',(-0.0842866037184987,-0.1283808882,-0.0136803618873735));
#3275=CARTESIAN_POINT('',(3.88578058618805E-16,-0.1283808882,3.91613824701764E-15));
#3276=CARTESIAN_POINT('',(-0.0767060992077679,-0.0399571382,-0.016937288443932));
#3277=CARTESIAN_POINT('',(-0.0740160597766757,-0.1252058882,-0.0263119799832773));
#3278=CARTESIAN_POINT('',(-0.0900026405271658,-0.1283808882,-0.0389080081218155));
#3279=CARTESIAN_POINT('',(-0.0766368949336763,-0.1283808882,-0.032608774933954));
#3280=CARTESIAN_POINT('',(-0.102724304213793,-0.1283808882,-0.0449036875651418));
#3281=CARTESIAN_POINT('',(-0.0788026092193905,-0.1283808882,-0.0280135511491255));
#3282=CARTESIAN_POINT('',(-0.0816666109875569,-0.1283808882,-0.0180326070654181));
#3283=CARTESIAN_POINT('',(-0.107274841958542,-0.1283808882,-0.0334484157461243));
#3284=CARTESIAN_POINT('',(-0.104890018499507,-0.1283808882,-0.0403084637803133));
#3285=CARTESIAN_POINT('',(-0.160832832468995,-0.1283808882,-0.0757999999999926));
#3286=CARTESIAN_POINT('',(-0.140998254649003,-0.0399571382,-0.0588122765591472));
#3287=CARTESIAN_POINT('',(-0.143078762826962,-0.1252058882,-0.0566483359431585));
#3288=CARTESIAN_POINT('',(-0.13496879921713,-0.1283808882,-0.0441903580761098));
#3289=CARTESIAN_POINT('',(-0.142245159012565,-0.1283808882,-0.0485706282566431));
#3290=CARTESIAN_POINT('',(-0.124400431848094,-0.1283808882,-0.0378283438622789));
#3291=CARTESIAN_POINT('',(-3.88578058618805E-16,-0.1283808882,3.61169427698372E-15));
#3292=CARTESIAN_POINT('',(-0.11698022457071,-0.0399571382,-0.0405179585016529));
#3293=CARTESIAN_POINT('',(-0.115135251264294,-0.1252058882,-0.0454967231574215));
#3294=CARTESIAN_POINT('',(-0.125950865141166,-0.1283808882,-0.0558502915095458));
#3295=CARTESIAN_POINT('',(-0.117694044133147,-0.1283808882,-0.0519588781532064));
#3296=CARTESIAN_POINT('',(-0.134974234587851,-0.1283808882,-0.0601029766955171));
#3297=CARTESIAN_POINT('',(-0.119859758418862,-0.1283808882,-0.0473636543683779));
#3298=CARTESIAN_POINT('',(-0.121780439117152,-0.1283808882,-0.0421805890403235));
#3299=CARTESIAN_POINT('',(-0.139625166281623,-0.1283808882,-0.0529228734346876));
#3300=CARTESIAN_POINT('',(-0.137139948873565,-0.1283808882,-0.0555077529106886));
#3301=CARTESIAN_POINT('',(-0.119999849112746,-0.1283808882,-0.075946659053729));
#3302=CARTESIAN_POINT('',(-0.108371904985048,-0.1283808882,-0.0718395053613707));
#3303=CARTESIAN_POINT('',(-0.127998959653724,-0.1283808882,-0.078772057596512));
#3304=CARTESIAN_POINT('',(-0.160832832468995,-0.1283808882,-0.0757999999999925));
#3305=CARTESIAN_POINT('',(-0.134762214805815,-0.0399571382,-0.0742781196958212));
#3306=CARTESIAN_POINT('',(-0.135105890717055,-0.1252058882,-0.0713147248587974));
#3307=CARTESIAN_POINT('',(-0.123243722284023,-0.1283808882,-0.0615943212405814));
#3308=CARTESIAN_POINT('',(-0.132267091730708,-0.1283808882,-0.0658470064265528));
#3309=CARTESIAN_POINT('',(-0.114986901276005,-0.1283808882,-0.057702907884242));
#3310=CARTESIAN_POINT('',(5.13478148889135E-16,-0.1283808882,4.05925293378573E-15));
#3311=CARTESIAN_POINT('',(-0.108374118915452,-0.0399571382,-0.059842528782252));
#3312=CARTESIAN_POINT('',(-0.105725413564215,-0.1252058882,-0.0644066365247465));
#3313=CARTESIAN_POINT('',(-0.11282118699029,-0.1283808882,-0.0622981316690704));
#3314=CARTESIAN_POINT('',(-0.130101377444994,-0.1283808882,-0.0704422302113813));
#3315=CARTESIAN_POINT('',(-0.129690848245257,-0.1283808882,-0.0739820771170278));
#3316=CARTESIAN_POINT('',(-0.110063793576581,-0.1283808882,-0.0670495248818865));
#3317=CARTESIAN_POINT('',(-0.0754271797177334,-0.1283808882,-0.0602029642377281));
#3318=CARTESIAN_POINT('',(-0.064235891424043,-0.1283808882,-0.0562500435379985));
#3319=CARTESIAN_POINT('',(-0.0924106204583969,-0.1283808882,-0.0662017547875389));
#3320=CARTESIAN_POINT('',(5.13478148889135E-16,-0.1283808882,4.05925293378573E-15));
#3321=CARTESIAN_POINT('',(-0.098356731418202,-0.0399571382,-0.064188101385561));
#3322=CARTESIAN_POINT('',(-0.102275152869004,-0.1252058882,-0.0577403851769041));
#3323=CARTESIAN_POINT('',(-0.087295497670023,-0.1283808882,-0.0446520378528511));
#3324=CARTESIAN_POINT('',(-0.10001716135665,-0.1283808882,-0.0506477172961774));
#3325=CARTESIAN_POINT('',(-0.0739297520765335,-0.1283808882,-0.0383528046649897));
#3326=CARTESIAN_POINT('',(-3.12250225675825E-17,-0.1283808882,3.6949610038306E-15));
#3327=CARTESIAN_POINT('',(-0.0674050182291918,-0.0399571382,-0.040339322168661));
#3328=CARTESIAN_POINT('',(-0.0619232605990372,-0.1252058882,-0.0483343272663267));
#3329=CARTESIAN_POINT('',(-0.0717640377908193,-0.1283808882,-0.0429480284498181));
#3330=CARTESIAN_POINT('',(-0.0978514470709359,-0.1283808882,-0.0552429410810059));
#3331=CARTESIAN_POINT('',(-0.0941025090499301,-0.1283808882,-0.0614117743080547));
#3332=CARTESIAN_POINT('',(-0.0659277800155761,-0.1283808882,-0.0514600630585143));
#3333=CARTESIAN_POINT('',(-0.146484975326139,-0.0539271382,-0.106243357574482));
#3334=CARTESIAN_POINT('',(-0.164422598832431,-0.0508976083347519,-0.0605535610800608));
#3335=CARTESIAN_POINT('',(-0.163982690454788,-0.051125314191388,-0.0609894877480348));
#3336=CARTESIAN_POINT('',(-0.163008233272922,-0.0519554854655862,-0.0615020591162614));
#3337=CARTESIAN_POINT('',(-0.162630639975175,-0.0532685816131201,-0.0615590043080032));
#3338=CARTESIAN_POINT('',(-0.162630639975175,-0.0539271382,-0.0615590043080032));
#3339=CARTESIAN_POINT('',(-0.164422598832431,-0.0508976083347519,-0.0605535610800608));
#3340=CARTESIAN_POINT('',(-0.170658087743151,-0.0539271382,-0.0653791209040367));
#3341=CARTESIAN_POINT('',(-0.170658087743151,-0.0532453808084073,-0.0653791209040367));
#3342=CARTESIAN_POINT('',(-0.170441845056776,-0.0518918552572152,-0.0650462789146548));
#3343=CARTESIAN_POINT('',(-0.170186058128605,-0.0510409355676347,-0.0639191059338183));
#3344=CARTESIAN_POINT('',(-0.170241162775757,-0.0508129358365547,-0.0632770752967873));
#3345=CARTESIAN_POINT('',(-0.170241162775757,-0.0508129358365547,-0.0632770752967873));
#3346=CARTESIAN_POINT('',(-0.170241162775756,-0.0508129358365546,-0.0632770752967873));
#3347=CARTESIAN_POINT('',(-0.170301025420676,-0.0505652495224431,-0.062579608675754));
#3348=CARTESIAN_POINT('',(-0.170085833902262,-0.0500359878127189,-0.0615893886072515));
#3349=CARTESIAN_POINT('',(-0.169225472296622,-0.0495644782113128,-0.0604580460964363));
#3350=CARTESIAN_POINT('',(-0.168300175813502,-0.0494345660637837,-0.0598258798134512));
#3351=CARTESIAN_POINT('',(-0.167220111522306,-0.0495921354845497,-0.0595259360321761));
#3352=CARTESIAN_POINT('',(-0.165806862430451,-0.0500950182437882,-0.0595962223876349));
#3353=CARTESIAN_POINT('',(-0.164914547259158,-0.0506429654508656,-0.0600660653891914));
#3354=CARTESIAN_POINT('',(-0.164422598832431,-0.0508976083347519,-0.0605535610800608));
#3355=CARTESIAN_POINT('',(-0.166831460478667,-0.0538509382,-0.0629844250225841));
#3356=CARTESIAN_POINT('',(-0.164422598832431,-0.0538509382,-0.0605535610800608));
#3357=CARTESIAN_POINT('',(-0.170241162775757,-0.0538509382,-0.0632770752967873));
#3358=CARTESIAN_POINT('',(-0.161706878550012,-0.0538509382,-0.0578130356859069));
#3359=CARTESIAN_POINT('',(-0.174085218203218,-0.0399571382,-0.0636070055302447));
#3360=MECHANICAL_DESIGN_GEOMETRIC_PRESENTATION_REPRESENTATION('',(#1896),#3361);
#3361=(
GEOMETRIC_REPRESENTATION_CONTEXT(3)
GLOBAL_UNCERTAINTY_ASSIGNED_CONTEXT((#3362))
GLOBAL_UNIT_ASSIGNED_CONTEXT((#3365,#3364,#3363))
REPRESENTATION_CONTEXT('Part 1','TOP_LEVEL_ASSEMBLY_PART')
);
#3362=UNCERTAINTY_MEASURE_WITH_UNIT(LENGTH_MEASURE(2.E-05),#3365,'DISTANCE_ACCURACY_VALUE','Maximum Tolerance applied to model');
#3363=(
NAMED_UNIT(*)
SI_UNIT($,.STERADIAN.)
SOLID_ANGLE_UNIT()
);
#3364=(
NAMED_UNIT(*)
PLANE_ANGLE_UNIT()
SI_UNIT($,.RADIAN.)
);
#3365=(
LENGTH_UNIT()
NAMED_UNIT(*)
SI_UNIT($,.METRE.)
);
#3366=PRODUCT_DEFINITION_SHAPE('','',#3367);
#3367=PRODUCT_DEFINITION('','',#3369,#3368);
#3368=PRODUCT_DEFINITION_CONTEXT('',#3375,'design');
#3369=PRODUCT_DEFINITION_FORMATION_WITH_SPECIFIED_SOURCE('','',#3371,.NOT_KNOWN.);
#3370=PRODUCT_RELATED_PRODUCT_CATEGORY('','',(#3371));
#3371=PRODUCT('Part 1','Part 1','Part 1',(#3373));
#3372=PRODUCT_CATEGORY('','');
#3373=PRODUCT_CONTEXT('',#3375,'mechanical');
#3374=APPLICATION_PROTOCOL_DEFINITION('international standard','ap242_managed_model_based_3d_engineering',2020,#3375);
#3375=APPLICATION_CONTEXT('managed model based 3d engineering');
ENDSEC;
END-ISO-10303-21;
